"Date","TS","GARCH","Cluster"
1,"A1",-0.0838489722193571,3
1,"A2",-0.184628322537243,3
1,"A3",0.158714731038612,3
1,"A4",-0.171516149177365,3
1,"A5",-0.182666323792103,3
1,"A6",0.253212013621461,3
1,"A7",0.20939411060476,3
1,"A8",-0.0917755015538433,3
1,"A9",-0.0788603154141731,3
1,"A10",0.049853529423885,3
1,"A11",-0.446872113499774,3
1,"A12",-3.0361511955944,3
1,"A13",0.682186912477231,3
1,"A14",-0.269130509432247,3
1,"A15",-0.485730323863724,3
1,"A16",1.57343349188247,3
1,"A17",0.926786720813533,3
1,"A18",-2.10873728582287,3
1,"A19",-1.72261413475098,3
1,"A20",-3.00364452880966,3
2,"A1",0.0358463836868077,3
2,"A2",0.0687432181431819,3
2,"A3",-0.053873179508145,3
2,"A4",-0.103676382911893,3
2,"A5",-0.029490937822207,3
2,"A6",0.00618735071467846,3
2,"A7",0.107583023064788,3
2,"A8",-0.000631724697552952,3
2,"A9",0.0333587404506917,3
2,"A10",0.00255280469108045,3
2,"A11",-0.103103334500905,3
2,"A12",0.340950646144512,3
2,"A13",0.852142479422052,3
2,"A14",-0.0381802391744724,3
2,"A15",-0.00839768702163935,3
2,"A16",-0.259036419396974,3
2,"A17",2.74261586011344,3
2,"A18",1.60085423709292,3
2,"A19",0.90773594592936,3
2,"A20",0.852428442373317,3
3,"A1",-0.0937596273749526,2
3,"A2",0.0533325590969886,3
3,"A3",0.0478176793423033,3
3,"A4",-0.0676307797424199,3
3,"A5",0.0544428023968653,3
3,"A6",0.046544971173029,3
3,"A7",-0.0573506169528965,3
3,"A8",-0.0918570796435207,3
3,"A9",0.0543478877786786,3
3,"A10",0.131924925157588,3
3,"A11",0.573619812935831,3
3,"A12",0.860708394773081,3
3,"A13",2.37191517603605,3
3,"A14",-1.08664835813195,3
3,"A15",0.0584750304763266,3
3,"A16",-1.14398468424152,3
3,"A17",-0.567809099670736,3
3,"A18",-0.414793234284394,3
3,"A19",0.356284508747697,3
3,"A20",1.48290976161456,3
4,"A1",-0.029793155928708,3
4,"A2",0.0144127413570704,2
4,"A3",0.0871368680675546,3
4,"A4",0.0268185434660626,3
4,"A5",-0.0369567981338141,3
4,"A6",0.160987472680272,3
4,"A7",-0.0518952315367607,3
4,"A8",-0.0062625342346036,3
4,"A9",0.0340582454819435,3
4,"A10",-0.0248022869130719,3
4,"A11",1.25860714894551,3
4,"A12",0.249929419507478,3
4,"A13",1.35150316621271,3
4,"A14",-2.22854049721641,3
4,"A15",-0.759632099081727,3
4,"A16",1.7164871598981,2
4,"A17",-2.59038286668131,3
4,"A18",-1.43775414945558,3
4,"A19",-0.322479838814677,3
4,"A20",-3.63335101100516,2
5,"A1",-0.056115006931341,3
5,"A2",0.148070518523349,3
5,"A3",0.053127941024563,3
5,"A4",-0.124101234375823,3
5,"A5",0.0421855732551253,3
5,"A6",0.0670539193399617,3
5,"A7",0.0647257632041852,3
5,"A8",-0.111176701080215,3
5,"A9",0.0742503824025321,3
5,"A10",-0.046078717336515,3
5,"A11",0.575151251598922,3
5,"A12",-1.4701945607459,3
5,"A13",2.14463806459292,3
5,"A14",1.38201027697278,3
5,"A15",-3.39547762019345,3
5,"A16",0.815685721027455,3
5,"A17",1.69365742694996,3
5,"A18",-1.29567161874613,3
5,"A19",0.496207500797116,3
5,"A20",-3.42664754546047,2
6,"A1",0.0868295638605754,2
6,"A2",-0.0527154837446905,3
6,"A3",-0.208103797892461,3
6,"A4",-0.163179996598709,3
6,"A5",0.170986009102503,3
6,"A6",0.122154046425197,3
6,"A7",0.103696296678166,3
6,"A8",0.0368926160644157,3
6,"A9",-0.00802171562817438,3
6,"A10",-0.00113554124324824,3
6,"A11",-1.73054302100471,3
6,"A12",0.435814295369142,3
6,"A13",-0.107631712148561,3
6,"A14",0.733159501045333,3
6,"A15",0.859515635791914,3
6,"A16",-2.57715398295636,2
6,"A17",3.13512746092555,3
6,"A18",0.183858037730147,3
6,"A19",0.361054751443677,3
6,"A20",1.85667462376852,2
7,"A1",0.134779854663889,3
7,"A2",-0.217269758419398,3
7,"A3",0.0220720528279714,3
7,"A4",0.0837054771123187,3
7,"A5",0.0107376909808495,3
7,"A6",-0.0294699409795196,3
7,"A7",-0.0124312259675179,3
7,"A8",0.00310045223005792,3
7,"A9",-0.0174859237868679,3
7,"A10",0.0947054198718728,3
7,"A11",-0.0780355628669419,3
7,"A12",1.50405143100374,3
7,"A13",-0.0240160909697721,3
7,"A14",2.1260376275035,3
7,"A15",-0.0409351666853048,3
7,"A16",-1.50625828409581,2
7,"A17",-3.61317520785963,3
7,"A18",1.47950515702012,3
7,"A19",0.26082058510274,3
7,"A20",0.515885933512433,2
8,"A1",-0.0560177016929874,2
8,"A2",-0.0150372155255855,3
8,"A3",0.0493556997869277,3
8,"A4",0.181862773694581,3
8,"A5",-0.180683989213275,3
8,"A6",-0.137662977172706,3
8,"A7",-0.00585487796421656,3
8,"A8",-0.142514737041453,3
8,"A9",-0.129998998209684,3
8,"A10",-0.0756148630224354,3
8,"A11",1.00317723823489,3
8,"A12",-0.312624155404423,3
8,"A13",-0.929993110764663,3
8,"A14",1.43407298740245,3
8,"A15",0.523566038896664,3
8,"A16",-3.65348706583346,2
8,"A17",4.83511549747181,2
8,"A18",0.610797830117778,3
8,"A19",0.878074238899997,3
8,"A20",2.07798527371751,2
9,"A1",0.0781559798740943,3
9,"A2",-0.0435891281174361,3
9,"A3",-0.132406083881949,3
9,"A4",0.15517013690468,3
9,"A5",0.0292735555097904,3
9,"A6",-0.0307102013339126,3
9,"A7",0.0393733305496295,3
9,"A8",0.268752676645041,3
9,"A9",0.194736236076237,3
9,"A10",0.144117019125895,3
9,"A11",2.286359698785,3
9,"A12",2.16777851353037,3
9,"A13",3.11242669819268,3
9,"A14",2.07271157911558,3
9,"A15",-0.570592611741044,3
9,"A16",4.43245729400092,3
9,"A17",-4.87804513927781,3
9,"A18",-0.554990385365654,3
9,"A19",0.288324975451127,3
9,"A20",1.33528065207192,2
10,"A1",0.184499554868683,3
10,"A2",0.00895625283336472,3
10,"A3",0.0888241754518464,3
10,"A4",-0.136473615229936,3
10,"A5",0.197047532056719,3
10,"A6",-0.120130652880918,3
10,"A7",0.0717179317851464,3
10,"A8",-0.15140995521946,3
10,"A9",0.111900776141633,3
10,"A10",-0.00622652945657211,3
10,"A11",-2.61119049926825,3
10,"A12",-1.13003267155498,3
10,"A13",-0.985346270201125,3
10,"A14",1.1057224995322,3
10,"A15",-1.94238725792999,3
10,"A16",-2.43153608297763,3
10,"A17",2.11826015536589,3
10,"A18",1.2700665491629,2
10,"A19",1.2917493462327,3
10,"A20",-1.33005028787116,3
11,"A1",0.0565354936369648,3
11,"A2",-0.0912374725819465,3
11,"A3",0.130518235186503,3
11,"A4",-0.134634245653426,3
11,"A5",0.0979262336936929,3
11,"A6",0.0315240252392936,3
11,"A7",0.0125190297647437,3
11,"A8",-0.0602458246784576,3
11,"A9",-0.159096400845605,3
11,"A10",0.127790501005618,3
11,"A11",-2.36842230356102,3
11,"A12",-0.408448505506319,3
11,"A13",1.22326684787593,3
11,"A14",0.103533783225162,3
11,"A15",3.78159078965476,3
11,"A16",-1.7130606336552,3
11,"A17",-0.91536434993126,3
11,"A18",0.441407662818258,3
11,"A19",-2.61036077194326,3
11,"A20",-0.712576819430718,2
12,"A1",0.0523057892106213,3
12,"A2",0.0963779336090952,3
12,"A3",0.0881974351403323,3
12,"A4",0.0820676057997659,3
12,"A5",0.102907417930183,3
12,"A6",0.0319113025773827,3
12,"A7",0.249578849134076,3
12,"A8",0.0385779838799834,3
12,"A9",-0.0449690604352709,3
12,"A10",-0.133458854517397,3
12,"A11",-2.22945546926271,3
12,"A12",1.1747114658414,3
12,"A13",-0.233371111887714,3
12,"A14",1.45478575183501,3
12,"A15",1.98607812751855,3
12,"A16",1.85592799439542,2
12,"A17",-1.1470132161228,3
12,"A18",-1.40763491030205,3
12,"A19",-1.24653526036145,3
12,"A20",0.00724958667123632,3
13,"A1",0.0897165360154091,3
13,"A2",0.100596936896324,3
13,"A3",-0.0574018947365089,3
13,"A4",-0.0136164300655892,3
13,"A5",0.138381381698633,3
13,"A6",-0.160832011941487,3
13,"A7",-0.00686377961968265,3
13,"A8",0.177493947036136,3
13,"A9",-0.0686615077366227,3
13,"A10",-0.0563731536611864,3
13,"A11",2.55975809537323,3
13,"A12",-2.27577861724894,3
13,"A13",-1.63553802528956,2
13,"A14",-1.21416308412791,3
13,"A15",-1.22595040199662,3
13,"A16",0.180992123944027,3
13,"A17",-1.79352675345114,3
13,"A18",-2.15093864176324,3
13,"A19",0.511413198150283,3
13,"A20",-1.02526081275188,2
14,"A1",-0.0315895605992348,3
14,"A2",-0.000706336231969304,3
14,"A3",-0.14978578372596,3
14,"A4",0.0224768318174384,3
14,"A5",-0.0818231409583393,3
14,"A6",-0.159592347424391,3
14,"A7",0.0764759594443883,3
14,"A8",0.120633221666167,3
14,"A9",-0.0267774933775726,3
14,"A10",0.0386874056557452,3
14,"A11",2.23886845985669,3
14,"A12",2.94190938367586,3
14,"A13",0.0659598472794075,3
14,"A14",-0.211642592792917,3
14,"A15",-0.897351846783657,3
14,"A16",-0.519301114356371,3
14,"A17",3.77305589744426,3
14,"A18",-4.917739832617,3
14,"A19",-0.333478684415872,3
14,"A20",-1.4602800278322,3
15,"A1",-0.101699517224943,3
15,"A2",-0.0472993326047558,3
15,"A3",-0.177453918323278,3
15,"A4",0.0217350386357352,3
15,"A5",-0.0611106437922106,3
15,"A6",-0.0799515062035473,3
15,"A7",-0.0778723101040633,3
15,"A8",0.11480184993102,3
15,"A9",0.27525506449421,3
15,"A10",0.0955582692875546,3
15,"A11",-1.42267146127865,3
15,"A12",-1.79704390928456,3
15,"A13",-0.501739978035475,2
15,"A14",-0.494000140941556,3
15,"A15",0.912576559659198,3
15,"A16",-0.250828008851583,2
15,"A17",-0.285603381002973,3
15,"A18",3.41249426407869,2
15,"A19",-0.586283384204998,3
15,"A20",2.29077308733898,3
16,"A1",0.0811366375847317,2
16,"A2",-0.0901048326630146,3
16,"A3",0.0772596256283916,3
16,"A4",0.111107452527253,3
16,"A5",0.0273491343780807,3
16,"A6",-0.105937815705413,3
16,"A7",0.0308976781667568,3
16,"A8",-0.0725086931871263,3
16,"A9",-0.030482054701737,2
16,"A10",-0.00731691574227058,3
16,"A11",-0.915948432656245,3
16,"A12",1.6782298521068,3
16,"A13",-1.19333936539628,3
16,"A14",0.785240499758089,3
16,"A15",-0.40363252403515,3
16,"A16",0.0383626164576834,3
16,"A17",-4.87056124576755,3
16,"A18",2.55269900442911,3
16,"A19",-2.26010406461447,3
16,"A20",-5.97769486155234,2
17,"A1",-0.0208971354333736,3
17,"A2",0.115991200488947,3
17,"A3",-0.0632644368815173,3
17,"A4",-0.0465143789651251,3
17,"A5",-0.0259261219722873,3
17,"A6",-0.0269446732713076,3
17,"A7",0.0236401493984474,3
17,"A8",-0.0324425263520631,3
17,"A9",0.160620840294192,3
17,"A10",-0.00561806503179267,3
17,"A11",0.321113381753686,3
17,"A12",0.306914219446565,3
17,"A13",1.3777201394453,3
17,"A14",-1.66742510809363,3
17,"A15",-1.21764840892671,3
17,"A16",1.46322807146464,3
17,"A17",3.49399627996778,3
17,"A18",1.34581665315783,3
17,"A19",-0.555084054419245,3
17,"A20",3.18437210650573,2
18,"A1",0.00586693588666862,3
18,"A2",0.0348341430000047,3
18,"A3",-0.0269266060923625,3
18,"A4",0.216962689035615,3
18,"A5",0.0707212716754843,3
18,"A6",0.129560464624242,3
18,"A7",-0.0611560258549964,3
18,"A8",-0.175511084860963,3
18,"A9",0.0300257986223784,3
18,"A10",-0.111781229331303,3
18,"A11",-1.23530476126824,3
18,"A12",-1.22793822975927,3
18,"A13",0.746290404721397,3
18,"A14",-0.996308363335576,3
18,"A15",2.99214585625912,3
18,"A16",0.151954389485938,2
18,"A17",-1.51719404578379,3
18,"A18",1.30195112670755,3
18,"A19",1.15267095872747,3
18,"A20",4.31470462326232,2
19,"A1",-0.0796596060626274,3
19,"A2",0.0775937275613411,3
19,"A3",-0.139937689567329,3
19,"A4",-0.0566821215163083,3
19,"A5",0.0310218085723571,3
19,"A6",-0.0791492423417984,3
19,"A7",0.131643670378995,3
19,"A8",0.0150176258332654,3
19,"A9",0.0130331565725311,3
19,"A10",-0.14363868698677,3
19,"A11",-0.880895751291003,3
19,"A12",0.371507521255907,3
19,"A13",-2.07760363001539,3
19,"A14",-1.71060580159579,3
19,"A15",-1.3857756828999,3
19,"A16",2.15452081771131,2
19,"A17",0.897736445021018,3
19,"A18",-0.35042831114929,3
19,"A19",0.430681493310951,3
19,"A20",2.49641464582342,2
20,"A1",-0.237589486754279,3
20,"A2",0.0626338429848615,3
20,"A3",-0.023584047670596,3
20,"A4",0.142665783763819,3
20,"A5",0.0327337803167671,3
20,"A6",0.128819427804115,3
20,"A7",-0.0342645746776737,3
20,"A8",-0.0162119196176823,3
20,"A9",-0.0894077094725341,2
20,"A10",-0.0478762779382432,3
20,"A11",2.79783150502806,3
20,"A12",0.472433783432855,3
20,"A13",2.58685040785064,3
20,"A14",-0.335213721429695,3
20,"A15",1.35937909723474,3
20,"A16",-0.958656510842798,3
20,"A17",1.56218344213225,2
20,"A18",-1.8327163853524,3
20,"A19",0.455754511063192,3
20,"A20",4.59395048182481,3
21,"A1",0.0809147297983291,2
21,"A2",-0.0531812892186672,3
21,"A3",-0.073704766812004,3
21,"A4",0.0710720347219905,3
21,"A5",-0.0625422342687462,3
21,"A6",0.00543065709170044,3
21,"A7",0.0476251543656327,3
21,"A8",0.0844257626318939,3
21,"A9",-0.0750960096267662,3
21,"A10",-0.0362610240212881,3
21,"A11",-0.825635942215517,3
21,"A12",1.42067496981555,3
21,"A13",0.822279453104119,3
21,"A14",1.19128754477775,3
21,"A15",1.21093138817339,3
21,"A16",0.895943471656024,3
21,"A17",-0.732010378019787,3
21,"A18",0.0316127770246958,3
21,"A19",2.05525841945419,3
21,"A20",3.61202638416174,2
22,"A1",0.0295383530742484,3
22,"A2",0.102095850977853,3
22,"A3",0.0504285556052956,3
22,"A4",-0.0450176502864461,3
22,"A5",-0.0599045577864813,3
22,"A6",-0.0571960954903717,3
22,"A7",-0.188780664912996,3
22,"A8",0.0522729507170026,3
22,"A9",0.0154562028277663,3
22,"A10",-0.054014135435622,3
22,"A11",-0.448071615890468,3
22,"A12",1.75275424029791,3
22,"A13",-3.37930419855014,3
22,"A14",-0.522035447281477,3
22,"A15",-2.64069491988488,3
22,"A16",0.959488024643986,3
22,"A17",-0.154613620206025,3
22,"A18",-0.469546632963251,3
22,"A19",0.361519537247312,3
22,"A20",-0.066978612446845,2
23,"A1",-0.0188571613446147,3
23,"A2",0.111791306345517,3
23,"A3",0.057206108603083,3
23,"A4",-0.0656566135247998,3
23,"A5",0.0701544643229859,3
23,"A6",0.0585878779814493,3
23,"A7",0.265184605966395,3
23,"A8",-0.0671768924141921,2
23,"A9",0.039715916821079,3
23,"A10",0.014222881786157,3
23,"A11",-2.56150945117395,3
23,"A12",-0.716353018314035,3
23,"A13",2.87371384955934,3
23,"A14",-1.28828122832334,3
23,"A15",-0.80926106695075,3
23,"A16",-1.14762892472394,3
23,"A17",1.1090648361197,3
23,"A18",-1.44078662557955,3
23,"A19",0.206282524962398,3
23,"A20",0.360219520748082,2
24,"A1",-0.155784844282664,3
24,"A2",0.0429724329554239,3
24,"A3",-0.0968801813850243,3
24,"A4",-0.0316111550763397,3
24,"A5",0.147276297476958,3
24,"A6",-0.129066284414082,3
24,"A7",-0.088206512300219,3
24,"A8",0.100387531201685,3
24,"A9",-0.0392878268731001,3
24,"A10",0.0758993473154732,3
24,"A11",-3.18343087987234,3
24,"A12",0.97501234960991,3
24,"A13",-1.91605223034063,3
24,"A14",-0.0944417743960931,3
24,"A15",1.44803690195163,3
24,"A16",-0.213637341483571,3
24,"A17",-0.410111354992239,3
24,"A18",-1.43309995106257,3
24,"A19",0.273035148024145,3
24,"A20",0.285429163758265,2
25,"A1",0.00354279192802693,3
25,"A2",0.113177984938134,3
25,"A3",-0.00535283341862693,3
25,"A4",0.0226260143781684,3
25,"A5",0.0745275484831799,3
25,"A6",-0.00274214451507592,3
25,"A7",-0.00202410929995984,3
25,"A8",0.00890435955777116,3
25,"A9",0.0597361843289432,3
25,"A10",-0.0901431590442223,3
25,"A11",6.26747627032251,3
25,"A12",-1.51395184607976,3
25,"A13",-3.62395219121823,3
25,"A14",-1.18632165412325,3
25,"A15",-1.27106062425697,3
25,"A16",-1.99059765492117,3
25,"A17",1.42531152817586,3
25,"A18",0.685007679393786,3
25,"A19",-0.942386493747446,3
25,"A20",-2.13857372987193,3
26,"A1",-0.0701709746075605,3
26,"A2",-0.0864896134859377,3
26,"A3",-0.0471068719943289,3
26,"A4",-0.0781291905273569,3
26,"A5",-0.124429153897177,3
26,"A6",0.170738808470737,3
26,"A7",-0.0104105089276002,3
26,"A8",0.137816927319472,3
26,"A9",0.0162881443892108,3
26,"A10",0.0215565027828841,3
26,"A11",-0.614428737947655,3
26,"A12",2.48820337372237,3
26,"A13",-0.533135222185738,2
26,"A14",-3.35015554068459,3
26,"A15",-0.0420369605356083,3
26,"A16",2.87101915711992,2
26,"A17",0.150806335656274,3
26,"A18",0.45393031016042,3
26,"A19",0.486630646314253,3
26,"A20",0.404563782033415,2
27,"A1",-0.0678499896895008,3
27,"A2",0.0578967255005366,3
27,"A3",0.0361474689635905,3
27,"A4",-0.0608102518394363,3
27,"A5",-0.0680395022693837,3
27,"A6",0.137228418895748,3
27,"A7",0.0272005074841663,3
27,"A8",0.0951113747292556,3
27,"A9",0.0874051153551487,3
27,"A10",0.105480915852376,3
27,"A11",-1.26174411101112,3
27,"A12",1.21406398074172,3
27,"A13",2.57215768034794,3
27,"A14",-4.36830891978559,3
27,"A15",1.40078075391609,3
27,"A16",1.45108881935703,2
27,"A17",-2.11331877365755,3
27,"A18",1.47522538392255,3
27,"A19",-0.434001924999968,3
27,"A20",-0.486433795677432,2
28,"A1",0.0912842076944755,3
28,"A2",-0.0802380669991897,3
28,"A3",-0.0414428085826632,3
28,"A4",-0.138738013013189,3
28,"A5",0.00744987015529361,3
28,"A6",-0.133535902124519,3
28,"A7",-0.0726858259806064,3
28,"A8",-0.0884032836617447,3
28,"A9",0.0781488985352552,3
28,"A10",0.0812493409310957,3
28,"A11",0.34806115749914,3
28,"A12",-0.408012675753074,3
28,"A13",-2.25346890168721,3
28,"A14",-5.60361217432697,3
28,"A15",-0.486547579123779,3
28,"A16",-1.2775846937853,2
28,"A17",-0.191620153215488,3
28,"A18",1.58505610890988,3
28,"A19",2.5932723806466,3
28,"A20",1.33626682767115,2
29,"A1",0.0910242544647287,3
29,"A2",-0.0501363686339285,3
29,"A3",-0.0909282191648064,3
29,"A4",-0.0640848311336136,3
29,"A5",0.0653924251895323,3
29,"A6",0.08558988699597,3
29,"A7",-0.206189247789426,3
29,"A8",-0.2273214474472,3
29,"A9",-0.0291376579552147,3
29,"A10",-0.00437867098532197,3
29,"A11",1.517346603514,3
29,"A12",2.40950766944223,3
29,"A13",3.44955302962091,3
29,"A14",3.6219847333002,3
29,"A15",-0.191829391944192,3
29,"A16",0.0359567990791431,3
29,"A17",-1.70297176637987,3
29,"A18",-0.646553473405738,3
29,"A19",1.51153244871464,3
29,"A20",0.602176769713332,3
30,"A1",0.0380254706072856,3
30,"A2",-0.000647594187912251,3
30,"A3",-0.0460127806269393,3
30,"A4",0.177325731863766,3
30,"A5",0.0083847910517667,3
30,"A6",0.0414003225614747,3
30,"A7",-0.167090444840937,3
30,"A8",-0.166266886138004,3
30,"A9",0.0973823938403106,3
30,"A10",-0.00851404072902992,3
30,"A11",1.62107852879098,3
30,"A12",-3.28975307037048,3
30,"A13",-1.23605135197937,3
30,"A14",2.65885092620333,3
30,"A15",-2.04304024596424,3
30,"A16",2.44785907947862,2
30,"A17",-0.413259831324015,3
30,"A18",2.1632909904596,3
30,"A19",0.703766699018134,3
30,"A20",-0.328466948363309,2
31,"A1",-0.0310973285312551,3
31,"A2",0.250378064841673,3
31,"A3",-0.0269518936665728,3
31,"A4",0.0331600500751124,3
31,"A5",-0.0690135421384337,3
31,"A6",0.0271217109534304,3
31,"A7",0.0196904460193599,3
31,"A8",-0.0633012318373202,3
31,"A9",-0.165275672540935,3
31,"A10",0.0505643781200672,3
31,"A11",2.70086459778023,3
31,"A12",-3.3084457368873,3
31,"A13",-0.820087628791335,3
31,"A14",-2.47689243091755,3
31,"A15",0.786832506542683,3
31,"A16",3.93813142526128,3
31,"A17",-2.37888458706429,3
31,"A18",0.217180788778876,3
31,"A19",-1.97649034654127,3
31,"A20",0.923855123010162,3
32,"A1",0.0085893282598796,3
32,"A2",-0.111399333345469,3
32,"A3",0.0571182434949371,3
32,"A4",0.212070633482155,3
32,"A5",-0.000147830247155479,3
32,"A6",0.0536364032435562,3
32,"A7",-0.0856418533434552,3
32,"A8",0.0116869283331965,3
32,"A9",0.112243305875607,3
32,"A10",0.0300023979984367,3
32,"A11",-2.09743827245048,3
32,"A12",-5.64395641264752,3
32,"A13",-3.48292245719762,3
32,"A14",0.702446344095585,3
32,"A15",-0.347530819386985,3
32,"A16",-1.04421972599324,2
32,"A17",-0.0525013100503851,3
32,"A18",0.111374180147412,3
32,"A19",0.662174325521823,3
32,"A20",1.78091183436001,3
33,"A1",-0.0322745438870138,3
33,"A2",0.0137722291386465,3
33,"A3",-0.11961262883429,3
33,"A4",-0.0681788028899559,3
33,"A5",-0.0939763534832133,3
33,"A6",-0.123815260057993,3
33,"A7",0.255620774561455,3
33,"A8",-0.264818164327837,3
33,"A9",-0.162030800156154,3
33,"A10",-0.0385199412519993,3
33,"A11",1.21784473794436,3
33,"A12",2.64627560188772,3
33,"A13",0.251637247772314,3
33,"A14",1.15401713420278,3
33,"A15",0.842116367075908,3
33,"A16",1.7866135165819,3
33,"A17",-1.07331734904667,3
33,"A18",-1.27567798006108,3
33,"A19",-2.64271213289875,3
33,"A20",3.05091676204142,2
34,"A1",-0.0898563204906471,3
34,"A2",0.0951455030731626,3
34,"A3",-0.230842163824673,3
34,"A4",0.114317278163921,3
34,"A5",0.0206964367538325,3
34,"A6",-0.131921865019917,3
34,"A7",-0.108058326141098,3
34,"A8",-0.261830823082115,2
34,"A9",0.0343836242239092,2
34,"A10",-0.0355198090294784,3
34,"A11",-1.51812909868557,3
34,"A12",-0.651786386629262,3
34,"A13",-0.153370725988758,3
34,"A14",-0.049684893479746,3
34,"A15",1.60706063337197,3
34,"A16",-0.466200748060599,2
34,"A17",-0.206401410973466,3
34,"A18",-1.21128532130176,3
34,"A19",0.0147318879029317,3
34,"A20",-0.452206964318312,2
35,"A1",-0.043488320999244,3
35,"A2",-0.145748925827321,3
35,"A3",-0.0347217667723055,3
35,"A4",0.134084502942746,3
35,"A5",0.0262871452681919,3
35,"A6",-0.062289752067865,3
35,"A7",0.0047462572174744,3
35,"A8",-0.0141176081152452,3
35,"A9",-0.14177921538664,3
35,"A10",0.191324437911967,3
35,"A11",-0.794224568920077,3
35,"A12",0.21561889017965,3
35,"A13",-0.587594757608987,3
35,"A14",0.676707378115875,3
35,"A15",-2.2443171381831,3
35,"A16",1.37329283915844,2
35,"A17",1.85186461034227,3
35,"A18",1.33071719250693,3
35,"A19",-1.37013231501848,3
35,"A20",1.29944358027579,3
36,"A1",0.0216132288099629,3
36,"A2",-0.204729482699376,3
36,"A3",-0.0725337039583523,3
36,"A4",0.130493523040404,3
36,"A5",0.0648311033629569,3
36,"A6",0.00648479018163267,3
36,"A7",-0.028400307252751,3
36,"A8",0.00476408743554303,3
36,"A9",-0.00345675868839215,2
36,"A10",0.0918311828255236,3
36,"A11",0.671003641133966,3
36,"A12",-0.61339655270783,3
36,"A13",0.439528059261462,3
36,"A14",-2.41916150074544,3
36,"A15",-2.38751106380138,3
36,"A16",-0.457609794175213,2
36,"A17",0.757997815307352,3
36,"A18",2.45194635508227,3
36,"A19",-2.32785605462347,3
36,"A20",1.58526810455374,2
37,"A1",0.0181719197456448,3
37,"A2",0.085232820247147,3
37,"A3",-0.0873122819705169,3
37,"A4",-0.22125403388792,3
37,"A5",0.114541524947792,3
37,"A6",0.0571244996180821,3
37,"A7",-0.0818958858011665,3
37,"A8",0.0675710671425,3
37,"A9",-0.0118196927896428,3
37,"A10",0.101340626580107,3
37,"A11",-1.35094552101297,3
37,"A12",-0.360754429942496,3
37,"A13",-0.532130015537978,2
37,"A14",0.146597251893485,3
37,"A15",-0.281853095271478,3
37,"A16",1.31281957504301,2
37,"A17",-0.140002556173724,3
37,"A18",-0.666836543253283,3
37,"A19",-2.3420223590308,3
37,"A20",-1.29629299987034,2
38,"A1",0.0162501317147581,3
38,"A2",-0.150556301893043,3
38,"A3",0.18859991293904,3
38,"A4",-0.0537869092114027,3
38,"A5",-0.185036451873341,3
38,"A6",0.0203543804131643,3
38,"A7",-0.0239021903791684,3
38,"A8",-0.190315082125598,3
38,"A9",0.147921445723027,3
38,"A10",0.00290070009389132,3
38,"A11",0.779707555255168,3
38,"A12",0.9809525631101,3
38,"A13",0.267625744101942,3
38,"A14",0.833423446831596,3
38,"A15",1.28910740701779,3
38,"A16",-2.68087167993969,3
38,"A17",-0.252441145825614,3
38,"A18",-1.04641205672922,3
38,"A19",0.123470548602502,3
38,"A20",1.26936486054712,2
39,"A1",0.237771712437379,3
39,"A2",0.21642493952071,3
39,"A3",-0.0762506562490881,3
39,"A4",-0.140139658349428,3
39,"A5",-0.0180736862243916,3
39,"A6",-0.109722156381908,3
39,"A7",0.0190866959482349,3
39,"A8",-0.0412034751245431,3
39,"A9",0.143115369768358,3
39,"A10",-0.144974633105273,3
39,"A11",2.00288496316105,3
39,"A12",-0.320006880768916,3
39,"A13",-1.20346195331758,3
39,"A14",-0.500710486003922,3
39,"A15",0.82497662865498,3
39,"A16",-2.71021567895706,2
39,"A17",0.164198209317805,3
39,"A18",0.6677581223784,3
39,"A19",2.30913073258149,3
39,"A20",0.1727819979858,3
40,"A1",-0.238815582482688,3
40,"A2",0.0367145486454999,3
40,"A3",-0.101681512228871,3
40,"A4",-0.00378114904830809,3
40,"A5",-0.0117742705749375,3
40,"A6",0.134298828876692,3
40,"A7",-0.175354167086906,3
40,"A8",0.0947932284385906,3
40,"A9",0.147089927002333,3
40,"A10",0.117767094893264,3
40,"A11",-0.300239974816507,3
40,"A12",0.200798805209642,3
40,"A13",-0.338031498337702,3
40,"A14",-0.484368686382361,3
40,"A15",1.15444597914224,3
40,"A16",-1.56270179825572,2
40,"A17",2.58329618785044,3
40,"A18",-1.4601145569367,3
40,"A19",1.30930995500068,3
40,"A20",-1.4646915172583,3
41,"A1",-0.190905364514871,3
41,"A2",-0.169902783870767,3
41,"A3",0.06435348146754,3
41,"A4",-0.160398015275552,3
41,"A5",-0.0978910007902368,3
41,"A6",0.0951231979995414,3
41,"A7",0.0764971341088926,3
41,"A8",-5.72201497699053e-05,3
41,"A9",-0.00277153409069686,2
41,"A10",-0.118033165150771,3
41,"A11",-0.725803675957615,3
41,"A12",-0.374295722668539,3
41,"A13",1.08904372899274,3
41,"A14",0.778156289490377,3
41,"A15",-3.3496465336111,3
41,"A16",-0.175853335277439,2
41,"A17",-0.11146378039183,2
41,"A18",-1.42588665967525,3
41,"A19",0.123919163064394,3
41,"A20",-1.17964757891953,3
42,"A1",0.0648346686486237,3
42,"A2",0.0634316976860779,3
42,"A3",0.0128398061337588,3
42,"A4",-0.109857525305163,3
42,"A5",-0.0635005070334848,3
42,"A6",-0.148094957413318,3
42,"A7",-0.0845408088746781,3
42,"A8",0.0674993940842823,3
42,"A9",0.0637349104370788,3
42,"A10",0.204362065841453,3
42,"A11",2.74907989466257,3
42,"A12",0.0524111924179542,3
42,"A13",0.340786734507465,2
42,"A14",-2.3013589805072,3
42,"A15",-1.81298916897742,3
42,"A16",3.65063986894005,2
42,"A17",0.258714158286151,3
42,"A18",-1.37773163954397,3
42,"A19",1.24328612907719,3
42,"A20",-0.616670601317224,2
43,"A1",-0.000862049706689834,3
43,"A2",-0.216107605446089,3
43,"A3",0.0399177061013488,3
43,"A4",0.0214898778596247,3
43,"A5",-0.0297347339248257,3
43,"A6",-0.204854153475666,3
43,"A7",5.53276292490918e-05,3
43,"A8",-0.027727417268586,3
43,"A9",-0.0254216867240264,3
43,"A10",-0.0774411454517125,3
43,"A11",-2.11780162934129,3
43,"A12",-0.714352575081493,3
43,"A13",-1.35836140478858,3
43,"A14",2.02906641390884,3
43,"A15",-0.65471842908515,3
43,"A16",0.952239140840513,3
43,"A17",-0.426454716205076,3
43,"A18",0.246557412567408,3
43,"A19",0.984233121416241,3
43,"A20",0.530133476262718,2
44,"A1",0.0267554866355323,3
44,"A2",-0.111641086698317,3
44,"A3",-0.0313544499635468,3
44,"A4",-0.0840320599542485,3
44,"A5",0.0613293010248266,3
44,"A6",0.133081145112024,3
44,"A7",0.059223235839765,3
44,"A8",-0.0371217974687298,3
44,"A9",0.0332271144211821,3
44,"A10",-0.0151197067362085,3
44,"A11",-1.75309985219193,3
44,"A12",-1.68217885741268,3
44,"A13",-2.29803006863319,2
44,"A14",0.307886542953112,3
44,"A15",0.925560089346912,3
44,"A16",0.650181088803944,2
44,"A17",0.847125015803943,3
44,"A18",0.636314336598242,3
44,"A19",-1.08055523939668,3
44,"A20",1.2631285613468,3
45,"A1",-0.0876731877387618,2
45,"A2",-0.230591063321903,3
45,"A3",-0.102171572816224,3
45,"A4",0.0123773161959987,3
45,"A5",0.0939647157260056,3
45,"A6",0.176478142455111,3
45,"A7",-0.125536054577664,3
45,"A8",0.0227837172700965,3
45,"A9",0.181940297354953,3
45,"A10",-0.158494634326267,3
45,"A11",1.28760165348954,3
45,"A12",-0.529787189635168,3
45,"A13",1.76846791793854,3
45,"A14",-0.851957991881909,3
45,"A15",-3.11622823068715,3
45,"A16",0.528626171238791,2
45,"A17",0.543363269715224,3
45,"A18",0.083812643916182,3
45,"A19",-1.00565743544236,3
45,"A20",-2.49526936809127,2
46,"A1",-0.188883760894089,3
46,"A2",-0.0311024345736558,3
46,"A3",0.0055014329051161,3
46,"A4",0.0294304931080944,3
46,"A5",0.115321479363107,3
46,"A6",-0.179196833892736,3
46,"A7",-0.240423711219143,3
46,"A8",-0.112076128987488,3
46,"A9",-0.0398328009844934,2
46,"A10",0.146334580574911,3
46,"A11",-2.53654611025548,3
46,"A12",-0.925851178120748,3
46,"A13",1.01452189858189,3
46,"A14",0.537266446923123,3
46,"A15",-4.5684178770524,3
46,"A16",-0.975681464133108,2
46,"A17",0.609766687931536,3
46,"A18",-0.98646204925274,3
46,"A19",1.29762304983179,3
46,"A20",-1.09112454460435,3
47,"A1",0.017348680577959,3
47,"A2",0.054749358979198,3
47,"A3",-0.0881116922742171,3
47,"A4",-0.0978382050514174,3
47,"A5",-0.197717314554322,3
47,"A6",-0.204108713140142,3
47,"A7",0.114720308859978,3
47,"A8",-0.218270695769897,3
47,"A9",0.0845856450911981,3
47,"A10",0.207141392297938,3
47,"A11",-1.62212743458614,3
47,"A12",1.67660017150777,3
47,"A13",0.688168333252708,3
47,"A14",-2.22821143533453,3
47,"A15",-0.150901252256891,3
47,"A16",-2.53489428171738,3
47,"A17",1.40708468242898,3
47,"A18",0.192231639192203,3
47,"A19",-0.514246224909674,3
47,"A20",0.754374732886174,2
48,"A1",0.0466405042860485,3
48,"A2",-0.232985276170911,2
48,"A3",-0.00818605894398464,3
48,"A4",-0.123146284332601,3
48,"A5",0.231422026213657,3
48,"A6",-0.00345904982254239,3
48,"A7",-0.21965449621846,3
48,"A8",0.00864560491121615,3
48,"A9",-0.101014837752135,3
48,"A10",-0.180651420188765,3
48,"A11",2.12389272527506,3
48,"A12",-0.666629473471989,3
48,"A13",0.0674747514910844,3
48,"A14",1.87449931688414,3
48,"A15",1.56673318728819,3
48,"A16",0.214707570328775,3
48,"A17",-1.72671555922776,3
48,"A18",0.398804297942274,3
48,"A19",3.01729574138123,3
48,"A20",-1.652974520627,2
49,"A1",-0.18491374692235,3
49,"A2",0.0787362067156468,3
49,"A3",-0.00718749882863965,3
49,"A4",0.0284300584306775,3
49,"A5",0.0188293735436145,3
49,"A6",-0.0414937033869456,3
49,"A7",-0.0703040058772756,3
49,"A8",-0.079692637905289,3
49,"A9",0.0263557078460645,3
49,"A10",-0.0977524316651456,3
49,"A11",-0.762158930644612,3
49,"A12",0.592541278357072,3
49,"A13",0.35185618711854,3
49,"A14",1.55351599945752,3
49,"A15",-0.652206280310562,3
49,"A16",-0.544242738409322,3
49,"A17",-1.35095343297987,3
49,"A18",0.790198568075828,3
49,"A19",-3.51991716850446,3
49,"A20",5.23916716716143,2
50,"A1",0.128277571512591,3
50,"A2",0.13167263998663,3
50,"A3",0.0159331211803601,3
50,"A4",-0.027098399797616,3
50,"A5",0.222404292041342,3
50,"A6",-0.0956898989495126,3
50,"A7",0.0721178388949255,3
50,"A8",0.0763699650435466,3
50,"A9",0.190755928877745,3
50,"A10",-0.105574413101942,3
50,"A11",-1.49673625336904,3
50,"A12",0.495077994960001,3
50,"A13",-0.125281214117881,3
50,"A14",0.691093947678649,3
50,"A15",-0.808779413264572,3
50,"A16",-1.36091736103533,2
50,"A17",-2.39493972194011,2
50,"A18",-0.510111247796164,3
50,"A19",-1.88696688210742,3
50,"A20",5.15521003748836,2
51,"A1",0.144143448606874,2
51,"A2",0.0335149243601427,3
51,"A3",0.159551833542792,2
51,"A4",0.1317841154945,2
51,"A5",-0.14961952066832,3
51,"A6",-0.135884371853046,1
51,"A7",-0.0854739022408131,3
51,"A8",-0.00927657444108037,2
51,"A9",0.0516980315958938,2
51,"A10",-0.0523341298150116,2
51,"A11",1.29061774042083,2
51,"A12",1.76979715431248,2
51,"A13",-0.121337749094551,2
51,"A14",1.62897502810753,2
51,"A15",-0.921324626759325,2
51,"A16",2.1859664739346,2
51,"A17",-2.2515555940515,2
51,"A18",-0.655075875115623,2
51,"A19",2.55323878204274,2
51,"A20",0.511180607545641,2
52,"A1",-0.0265499183194841,2
52,"A2",0.230669047158317,3
52,"A3",0.156058025037528,2
52,"A4",-0.13149650053184,2
52,"A5",-0.0894362528088374,3
52,"A6",-0.0160766507597446,3
52,"A7",0.107521488289728,2
52,"A8",0.00336759921178983,2
52,"A9",-0.0517908549720334,2
52,"A10",0.0647733790561744,2
52,"A11",1.11733508675087,2
52,"A12",1.32890459564293,2
52,"A13",2.38258874005356,2
52,"A14",1.45774045438574,2
52,"A15",1.10200057911275,2
52,"A16",3.68156305395158,3
52,"A17",1.50538602553717,2
52,"A18",-0.246859495215637,2
52,"A19",0.751272139200727,2
52,"A20",3.85767144083534,3
53,"A1",0.111986748878039,2
53,"A2",-0.0978382422324316,2
53,"A3",-0.174497851708829,2
53,"A4",0.118255986493312,2
53,"A5",-0.0731000126849613,2
53,"A6",0.0140938720829147,2
53,"A7",0.037346272243341,2
53,"A8",0.0569662629064549,2
53,"A9",-0.0175898812119543,3
53,"A10",0.197067793121656,2
53,"A11",-1.73975524263595,2
53,"A12",-1.49257680648857,2
53,"A13",-0.394217950121428,2
53,"A14",1.25760540072214,3
53,"A15",-1.78212667405199,2
53,"A16",-1.98040926570867,2
53,"A17",1.61352080479432,2
53,"A18",1.24203391381422,2
53,"A19",0.321491095469324,3
53,"A20",2.09194941139109,3
54,"A1",-0.0112484392641135,3
54,"A2",-0.107980567026779,3
54,"A3",0.0097522667022832,2
54,"A4",-0.0705933016876123,2
54,"A5",-0.0127661217177051,2
54,"A6",0.0397626251042171,2
54,"A7",0.124634123128263,2
54,"A8",0.0017263477766396,2
54,"A9",0.0489941971477457,2
54,"A10",0.0116949132763823,3
54,"A11",-0.171319465711714,2
54,"A12",0.412813180870229,2
54,"A13",-1.93881178649779,2
54,"A14",1.74651457238894,2
54,"A15",-1.12175782427194,2
54,"A16",3.34064791092148,2
54,"A17",1.25257067453304,1
54,"A18",-0.43919084193397,2
54,"A19",-0.805730751096683,2
54,"A20",2.26893346774942,2
55,"A1",0.00909173005725443,3
55,"A2",0.0591573251476705,1
55,"A3",0.23807104845116,3
55,"A4",0.192269123332657,3
55,"A5",0.161252655577097,2
55,"A6",-0.102842253573198,2
55,"A7",-0.0106548610671128,3
55,"A8",0.0440455469978785,2
55,"A9",-0.0497841164565025,2
55,"A10",0.0164938119793176,3
55,"A11",0.58633615832096,3
55,"A12",-1.11244830165876,2
55,"A13",3.10625030224336,3
55,"A14",0.132836514325252,2
55,"A15",2.86076721582344,2
55,"A16",-0.099565627269767,2
55,"A17",-1.05977618379127,2
55,"A18",-1.0579450914219,2
55,"A19",-0.587391182788328,2
55,"A20",-1.43397783601502,3
56,"A1",0.0615778075916599,2
56,"A2",-0.00703097284241302,2
56,"A3",0.0594044115179641,2
56,"A4",-0.0171597255740746,3
56,"A5",0.0966757693778779,2
56,"A6",-0.111814223040426,2
56,"A7",0.12168656665594,2
56,"A8",0.0607877506463028,3
56,"A9",0.0456436760527274,2
56,"A10",0.158174604389366,2
56,"A11",-1.93721949259791,2
56,"A12",-0.806994414827669,2
56,"A13",-1.74643628588142,2
56,"A14",-2.82042108737091,2
56,"A15",-0.970592102059642,2
56,"A16",3.08985588018772,2
56,"A17",1.20368386931295,2
56,"A18",-1.62952926218725,2
56,"A19",-0.686335220073693,3
56,"A20",1.54938802669711,2
57,"A1",-0.00824589494126996,2
57,"A2",0.138715454083103,2
57,"A3",-0.0533951446722756,2
57,"A4",0.0358218402362441,2
57,"A5",-0.0402651819882599,2
57,"A6",-0.0263843216419154,2
57,"A7",-0.0698937138328835,2
57,"A8",-0.00924468939406738,3
57,"A9",0.115601519427675,2
57,"A10",-0.0127933918419581,2
57,"A11",0.517946519309276,2
57,"A12",-0.0630572741765227,3
57,"A13",3.67796185858193,2
57,"A14",-1.2852704179785,2
57,"A15",-0.0234797961117747,3
57,"A16",2.28672821404082,2
57,"A17",1.00492683662398,3
57,"A18",-1.14265115825512,2
57,"A19",-0.424801971503555,3
57,"A20",-1.7917389863418,2
58,"A1",0.0823699188592785,2
58,"A2",-0.0104829595725898,3
58,"A3",0.0589685872938669,2
58,"A4",-0.0662188219860679,2
58,"A5",0.0660775664423317,2
58,"A6",-0.0541242312217157,2
58,"A7",-0.149564528472879,2
58,"A8",0.0734865085893338,3
58,"A9",-0.0209153088372498,2
58,"A10",-0.114707001531093,3
58,"A11",-2.44283476400184,2
58,"A12",-1.61258499350065,2
58,"A13",-1.53823969451009,2
58,"A14",-0.506026658934919,3
58,"A15",-0.0697128971156617,2
58,"A16",-0.944929547521729,2
58,"A17",-0.150682043557057,3
58,"A18",-1.95385691446104,2
58,"A19",0.0395692932500975,2
58,"A20",0.191168788051959,2
59,"A1",-0.0537310688540508,2
59,"A2",0.0671869395255423,3
59,"A3",0.0842911356871538,3
59,"A4",0.13101126643497,3
59,"A5",-0.154573321738945,2
59,"A6",-0.00651493969248132,2
59,"A7",-0.158735709634105,2
59,"A8",-0.060421367531301,3
59,"A9",-0.197908972339538,3
59,"A10",-0.0971484512153166,2
59,"A11",0.482301185523275,2
59,"A12",-1.25880718848526,3
59,"A13",-2.96422545785782,2
59,"A14",0.869516439648108,3
59,"A15",0.184159907379899,3
59,"A16",4.2202085754092,2
59,"A17",-0.246943954990832,2
59,"A18",1.30292135116366,2
59,"A19",-0.636051955528086,1
59,"A20",0.358788262700173,3
60,"A1",-0.134180198400628,2
60,"A2",0.0875495619368753,3
60,"A3",0.196159419809857,2
60,"A4",0.0385036999151421,2
60,"A5",0.192444527950365,2
60,"A6",-0.00479865464179277,2
60,"A7",0.0983334377520757,3
60,"A8",0.15788062447647,2
60,"A9",0.0502314077720662,2
60,"A10",0.198179545715951,2
60,"A11",6.08564603659505,2
60,"A12",4.16754490928206,2
60,"A13",-1.92107986383124,2
60,"A14",-1.41710330772794,2
60,"A15",0.258985781158056,2
60,"A16",3.74316082560312,2
60,"A17",1.3627748568572,2
60,"A18",1.29020534027203,3
60,"A19",1.05312447625057,3
60,"A20",1.00582352879848,2
61,"A1",0.0147481369556366,3
61,"A2",-0.00133600189245755,2
61,"A3",-0.0977306520349366,2
61,"A4",-0.141267656027493,2
61,"A5",-0.113400921517695,2
61,"A6",-0.0402645313128112,3
61,"A7",0.208247469082801,3
61,"A8",0.0268525166129819,3
61,"A9",0.0127696668314411,2
61,"A10",0.0366639296028716,2
61,"A11",0.249028895918141,2
61,"A12",-2.06050071111266,3
61,"A13",-0.770783743777422,2
61,"A14",-1.38596068119681,3
61,"A15",-2.05567599010858,3
61,"A16",-1.40868595715098,2
61,"A17",-1.23331205407567,2
61,"A18",-1.67589190121678,2
61,"A19",0.0935227441818792,2
61,"A20",-3.00042445189698,2
62,"A1",0.208558052233322,3
62,"A2",0.0041308949587981,2
62,"A3",0.0238702129267647,2
62,"A4",-0.0352121275472317,2
62,"A5",0.0938712080563698,2
62,"A6",0.0286059206223425,3
62,"A7",-0.133571679842429,2
62,"A8",0.0999443265555823,2
62,"A9",-0.117348228150301,2
62,"A10",0.0155479227021556,2
62,"A11",6.49853599417771,2
62,"A12",5.54628761730975,2
62,"A13",-0.0469714509470195,3
62,"A14",1.6451362380669,3
62,"A15",-1.31033168009287,3
62,"A16",3.38480080356003,3
62,"A17",0.995094910774116,3
62,"A18",-0.588533867930178,2
62,"A19",-1.3248579958893,2
62,"A20",1.16080359036392,3
63,"A1",0.0455922192458706,2
63,"A2",-0.0440958006589998,2
63,"A3",0.0960031530890801,2
63,"A4",0.0292315022444454,2
63,"A5",0.0637978095719416,1
63,"A6",-0.0862860720626383,2
63,"A7",-0.0582580322824955,2
63,"A8",-0.122915873475462,3
63,"A9",-0.0161025594229927,2
63,"A10",0.017768096199216,3
63,"A11",2.40498414419358,3
63,"A12",0.155040311087047,2
63,"A13",-0.580599463991962,2
63,"A14",-2.04755561919141,2
63,"A15",3.2636708114602,2
63,"A16",-4.26623519041631,2
63,"A17",2.35401231171136,2
63,"A18",0.319314059801876,2
63,"A19",-0.0707143978846956,2
63,"A20",-1.96352001004264,2
64,"A1",0.0209850644085501,2
64,"A2",-0.134896365520581,3
64,"A3",0.233811051216325,3
64,"A4",-0.084898320454542,2
64,"A5",-0.049155468846815,2
64,"A6",-0.047959058033567,3
64,"A7",0.0923721486427722,2
64,"A8",0.0527827320520853,2
64,"A9",0.059506461144129,3
64,"A10",0.0408539043333844,2
64,"A11",-3.92222476745812,2
64,"A12",0.00766133238961133,2
64,"A13",-2.23849802840275,2
64,"A14",-0.123458926690069,2
64,"A15",-0.358670287892824,3
64,"A16",-0.67714200231199,2
64,"A17",2.09763304208488,3
64,"A18",3.71441876634125,3
64,"A19",-0.701457965180501,2
64,"A20",2.61432375758426,2
65,"A1",-0.229044558491795,3
65,"A2",-0.0872515059002937,3
65,"A3",0.0545003411535856,2
65,"A4",0.0852091129178548,3
65,"A5",-0.206085739184091,2
65,"A6",0.0763858802076664,2
65,"A7",0.0852188324324006,3
65,"A8",0.0967979693513435,2
65,"A9",0.0723423571457557,2
65,"A10",0.0788608752796542,2
65,"A11",3.92822803724932,2
65,"A12",-0.582705126697105,3
65,"A13",-0.782936091068603,2
65,"A14",-0.411762425288036,2
65,"A15",1.04341802135111,2
65,"A16",0.313676052563225,3
65,"A17",1.56229203980985,2
65,"A18",6.98561134415283,2
65,"A19",2.57528367462132,2
65,"A20",-0.789126426036304,2
66,"A1",-0.0643000088792577,2
66,"A2",0.00915873165544699,3
66,"A3",5.17615501000762e-05,2
66,"A4",0.0762892194640089,2
66,"A5",-0.148627405394597,2
66,"A6",-0.120644404794332,2
66,"A7",-0.1807932896356,2
66,"A8",0.0758252463893135,2
66,"A9",-0.0696625672557189,2
66,"A10",-0.07173378380727,2
66,"A11",1.92158793020464,3
66,"A12",-3.73166195438719,2
66,"A13",0.163244188694536,1
66,"A14",0.590049516563677,3
66,"A15",-1.78199253134967,3
66,"A16",1.00275029452304,3
66,"A17",3.05355864186256,2
66,"A18",-0.832725853925215,2
66,"A19",-0.317279128222865,2
66,"A20",-0.88904562112087,3
67,"A1",0.0978061021670854,2
67,"A2",-0.0224532421759765,3
67,"A3",0.112546933003632,2
67,"A4",0.159525280726145,3
67,"A5",-0.0437959977884005,2
67,"A6",0.19307190645192,2
67,"A7",0.148526393176035,2
67,"A8",-0.034439779836214,2
67,"A9",-0.042729668602107,2
67,"A10",-0.272018870274505,2
67,"A11",5.02436887249609,2
67,"A12",-3.58799407001355,2
67,"A13",-1.29660417672067,2
67,"A14",-0.960425824154091,3
67,"A15",1.83823104161128,2
67,"A16",-0.33705442003665,2
67,"A17",1.98371685590278,2
67,"A18",3.97269726276696,2
67,"A19",-1.36648693327953,3
67,"A20",-1.88626336133041,3
68,"A1",-0.0387360938612269,3
68,"A2",-0.0579248963907072,2
68,"A3",-0.101135501002193,2
68,"A4",0.115069985409589,3
68,"A5",0.027559406320024,2
68,"A6",0.0408678007495285,2
68,"A7",0.215015146835774,2
68,"A8",0.0659521669738757,2
68,"A9",-0.0652647045788778,2
68,"A10",0.0729879903181385,3
68,"A11",-4.95420590246199,2
68,"A12",-6.35638826623417,2
68,"A13",0.727536658727885,2
68,"A14",-2.11573798441276,2
68,"A15",-1.42033565653227,3
68,"A16",-0.608285542304979,2
68,"A17",-0.434325340774551,2
68,"A18",-5.21716475255485,3
68,"A19",-1.67620042844492,2
68,"A20",-3.03438369257551,2
69,"A1",-0.0152159650549934,2
69,"A2",0.0645810063193419,2
69,"A3",-0.082015855562326,2
69,"A4",-0.0492733649395849,3
69,"A5",-0.0743949735940724,3
69,"A6",0.0751663552913526,2
69,"A7",0.090243629660084,2
69,"A8",0.00813261893136378,2
69,"A9",-0.104151889331399,3
69,"A10",-0.0839804876387951,2
69,"A11",3.64006907009108,2
69,"A12",10.5948780476839,2
69,"A13",-0.435626601734923,1
69,"A14",-0.600979846674612,2
69,"A15",0.887913161243174,3
69,"A16",0.245884222260677,2
69,"A17",-1.53818059543377,3
69,"A18",-0.461234537248508,2
69,"A19",-0.434154395775575,3
69,"A20",0.366252498521343,2
70,"A1",-0.00936976401050343,2
70,"A2",-0.130741020848704,3
70,"A3",-0.0752107017045215,2
70,"A4",-0.00721169869678582,3
70,"A5",-0.0727863739205353,2
70,"A6",0.239754135562471,3
70,"A7",-0.10289573443077,2
70,"A8",0.057741782317244,2
70,"A9",-0.0155768402704873,2
70,"A10",0.0975493810937865,3
70,"A11",0.229055891121365,2
70,"A12",-3.84661586121351,2
70,"A13",3.07760147303276,2
70,"A14",1.75827286352982,2
70,"A15",-0.651881837973175,2
70,"A16",0.692328720236678,2
70,"A17",-1.51569570709622,2
70,"A18",-2.05390839987029,3
70,"A19",-0.818474289295742,2
70,"A20",1.1701828469907,3
71,"A1",-0.0583449216696384,2
71,"A2",0.00987363306293248,3
71,"A3",-0.0873530203415116,3
71,"A4",-0.0970976074653464,2
71,"A5",0.000998163613562327,2
71,"A6",-0.0966513835358754,2
71,"A7",-0.246712771196662,3
71,"A8",0.083396356597924,2
71,"A9",-0.026862737485257,3
71,"A10",-0.215351211544447,2
71,"A11",-2.26369699401414,2
71,"A12",-2.84987343254802,2
71,"A13",3.24800420640746,1
71,"A14",-0.640070652285902,2
71,"A15",-2.04958077342113,2
71,"A16",1.35780264504306,2
71,"A17",0.314423741337489,2
71,"A18",-3.38395307004106,2
71,"A19",-0.642730101930032,2
71,"A20",-0.431218404099418,2
72,"A1",-0.200770890658961,2
72,"A2",-0.00981387905370897,2
72,"A3",0.0401163850747947,2
72,"A4",0.0314352729860435,2
72,"A5",-0.0582570707770115,2
72,"A6",-0.0258582696413335,3
72,"A7",0.0701333709545789,2
72,"A8",-0.00115210809423599,3
72,"A9",-0.199427450009125,3
72,"A10",0.16382756933765,2
72,"A11",1.5999128042967,2
72,"A12",6.31635184971495,3
72,"A13",-2.07454696076291,3
72,"A14",1.05716340905192,2
72,"A15",1.45506159576284,2
72,"A16",-2.14075051464048,2
72,"A17",-0.963029228124352,3
72,"A18",6.02252914080031,2
72,"A19",1.80046904072487,2
72,"A20",4.41939826969886,1
73,"A1",0.107855772009957,2
73,"A2",0.057152365924577,2
73,"A3",-0.0350897772178853,3
73,"A4",0.249478292251029,3
73,"A5",0.0219281588797394,2
73,"A6",0.0964621919226793,2
73,"A7",-0.099848287903706,3
73,"A8",-0.0962591574413417,2
73,"A9",-0.191788041723534,3
73,"A10",0.0291313998308152,2
73,"A11",2.2416423479751,2
73,"A12",2.55616791315683,2
73,"A13",-0.299812341670468,2
73,"A14",-1.20998893783588,2
73,"A15",-0.713989689677989,2
73,"A16",-0.0557097483922314,1
73,"A17",-0.380216607670595,3
73,"A18",-1.97905947463224,3
73,"A19",2.61891465019513,3
73,"A20",2.44510697124154,2
74,"A1",-0.074636001074611,2
74,"A2",-0.0940579364650971,2
74,"A3",0.111094863688033,2
74,"A4",0.106197622120169,2
74,"A5",0.0722630264463309,2
74,"A6",-0.0582481752291423,2
74,"A7",-0.0226989782771176,2
74,"A8",-0.0493305052710035,2
74,"A9",-0.0288861739161381,2
74,"A10",-0.0926746997190841,2
74,"A11",1.12714188918388,2
74,"A12",-6.02176200519842,1
74,"A13",-2.1119706447425,2
74,"A14",2.86198014097873,2
74,"A15",1.0854590172534,2
74,"A16",-1.26804541669565,2
74,"A17",-0.85456717569613,2
74,"A18",-0.948809083934314,2
74,"A19",2.59513793497215,2
74,"A20",2.44019328531745,3
75,"A1",-0.155843326709738,2
75,"A2",-0.00625120145083966,3
75,"A3",0.111275983674053,3
75,"A4",-0.0460028529415671,3
75,"A5",0.0724708787454537,2
75,"A6",-0.0998413774106283,3
75,"A7",0.13541770120992,2
75,"A8",-0.0533262485878334,2
75,"A9",-0.174209925360356,2
75,"A10",-0.0861223381218569,2
75,"A11",-2.65716570963411,2
75,"A12",5.45266322580902,2
75,"A13",-0.442074639785139,2
75,"A14",-0.630878003054569,3
75,"A15",-2.24638960413777,2
75,"A16",-1.24027552446919,2
75,"A17",-2.71405025051592,2
75,"A18",3.26583178300161,2
75,"A19",-1.93615082814833,2
75,"A20",1.95731819858009,3
76,"A1",-0.073790102780845,2
76,"A2",0.0426508296781783,3
76,"A3",0.10472305864536,2
76,"A4",-0.14735081892898,2
76,"A5",0.0415416785938073,2
76,"A6",0.0541577830351292,2
76,"A7",-0.0232966664622409,2
76,"A8",-0.11086192855724,2
76,"A9",-0.0258700537792188,2
76,"A10",0.0241748332587013,2
76,"A11",-0.285749893564578,2
76,"A12",3.05187340357316,2
76,"A13",-0.39043996333962,3
76,"A14",1.37590912131585,3
76,"A15",1.73622171793973,3
76,"A16",0.302877316743267,2
76,"A17",3.57599987645235,2
76,"A18",-1.32472656975476,3
76,"A19",-0.999825049680277,2
76,"A20",0.558677081193996,3
77,"A1",0.00122000284499115,3
77,"A2",-0.0954158262713361,2
77,"A3",0.0365759066174058,2
77,"A4",0.0283143142733571,2
77,"A5",0.0836926030999588,2
77,"A6",0.10736999707391,2
77,"A7",0.0159595803285792,2
77,"A8",0.0850268402964953,2
77,"A9",-0.219502914168032,2
77,"A10",-0.0137040043617811,2
77,"A11",0.951417772132727,2
77,"A12",0.657911946396212,2
77,"A13",-0.63212468765922,2
77,"A14",-0.0540870412594218,3
77,"A15",1.6210144747959,2
77,"A16",-0.352514236133474,2
77,"A17",2.83530260383357,2
77,"A18",1.5346021863417,2
77,"A19",0.105711271236669,2
77,"A20",3.29231079030841,2
78,"A1",-0.0118275366432606,2
78,"A2",-0.230833273435495,2
78,"A3",-0.127993624102888,2
78,"A4",-0.0755694548845757,3
78,"A5",0.0949236929110522,3
78,"A6",0.25536448896001,2
78,"A7",-0.0336669041439466,2
78,"A8",0.0688464021961743,2
78,"A9",0.0292490892388437,3
78,"A10",0.0566773492071186,2
78,"A11",2.87119540917062,2
78,"A12",-1.94391619928114,2
78,"A13",-0.210498838490132,2
78,"A14",1.57246922413304,2
78,"A15",2.88581285698509,3
78,"A16",-0.383889035938942,2
78,"A17",1.67993250929619,2
78,"A18",1.52277588251818,2
78,"A19",-1.96064764198892,2
78,"A20",0.877873587217473,2
79,"A1",-0.00428906567920843,2
79,"A2",-0.135983281593654,2
79,"A3",0.0479600730766408,2
79,"A4",0.00479067889005803,2
79,"A5",-0.0724701758367794,3
79,"A6",-0.126117864106935,2
79,"A7",-0.170123537910646,3
79,"A8",0.143662132834576,3
79,"A9",0.141282676405768,2
79,"A10",-0.0410240464293562,3
79,"A11",-0.711823159566158,2
79,"A12",-1.51496694741444,2
79,"A13",1.8470746625158,3
79,"A14",0.0918246746349236,2
79,"A15",-4.35763766088463,2
79,"A16",-2.26370473158082,3
79,"A17",0.192311639965821,3
79,"A18",-2.32133456165998,3
79,"A19",-0.00972864954144912,2
79,"A20",0.301094855208666,3
80,"A1",0.0774036878005717,2
80,"A2",-0.00478432770531738,3
80,"A3",-0.0729661425150558,1
80,"A4",0.12440008745662,2
80,"A5",0.0366432898483664,3
80,"A6",-0.0856633821825742,2
80,"A7",0.0813155496499803,2
80,"A8",-0.0313048350098098,2
80,"A9",-0.115091318594727,2
80,"A10",-0.0225415054937752,2
80,"A11",0.934047786600096,2
80,"A12",-0.80140107935466,2
80,"A13",1.30022598060886,2
80,"A14",1.0516317559498,2
80,"A15",-6.44190168680432,2
80,"A16",-1.08581540499087,2
80,"A17",0.512935383654368,3
80,"A18",-0.957230175978909,2
80,"A19",-0.467765062349008,2
80,"A20",-1.74121249937545,2
81,"A1",-0.0747873683223777,3
81,"A2",0.12626756869277,2
81,"A3",0.00692546506407913,3
81,"A4",-0.0769312207755421,2
81,"A5",0.0731628037908411,2
81,"A6",0.15572887233423,2
81,"A7",-0.0816085380458315,2
81,"A8",0.0252672992977889,2
81,"A9",-0.213861184103597,2
81,"A10",0.0464029110673823,2
81,"A11",0.254459192261475,2
81,"A12",-1.87244221874764,2
81,"A13",-0.0745354547532402,2
81,"A14",-1.67767432950242,2
81,"A15",3.00349950495369,3
81,"A16",1.32577132282047,3
81,"A17",1.24381961528949,2
81,"A18",-0.379416912171906,2
81,"A19",0.382266710742742,2
81,"A20",-0.980648983218566,2
82,"A1",-0.00697947020161066,2
82,"A2",0.148408733322948,3
82,"A3",-0.0754535128106636,2
82,"A4",0.00541669424633483,2
82,"A5",-0.0681944394040333,2
82,"A6",-0.00901902800959509,3
82,"A7",-0.1025693976238,2
82,"A8",-0.00778118375321165,3
82,"A9",0.035120308540022,2
82,"A10",-0.0682462780343062,2
82,"A11",1.00719785008339,2
82,"A12",-0.441635662011705,3
82,"A13",-0.67060396330292,2
82,"A14",6.28547521664024,3
82,"A15",7.98209152727372,2
82,"A16",-0.0368041550498667,3
82,"A17",-1.40629807137393,3
82,"A18",-0.766922043935567,3
82,"A19",0.616421833087589,3
82,"A20",1.15607777892346,2
83,"A1",-0.128112075799127,3
83,"A2",0.0976058411973593,2
83,"A3",0.0104967102189323,3
83,"A4",0.112094439613441,3
83,"A5",-0.105943129436118,3
83,"A6",-0.0307246852730096,2
83,"A7",0.07471780406328,2
83,"A8",0.061852958280904,2
83,"A9",-0.00564850711658711,2
83,"A10",-0.0153450530229485,2
83,"A11",-0.64986045631887,2
83,"A12",-1.8545522442728,1
83,"A13",0.830951628397126,2
83,"A14",-3.81652297642487,2
83,"A15",-9.00214030371916,2
83,"A16",1.50477796841182,3
83,"A17",0.175537914847434,2
83,"A18",0.438670039020692,3
83,"A19",-1.44544826024368,3
83,"A20",-2.10135198934075,2
84,"A1",0.0218271067010792,2
84,"A2",-0.0944189464318964,2
84,"A3",0.0316157634789867,2
84,"A4",-0.0621684282975693,2
84,"A5",0.138173764714629,2
84,"A6",0.0784813239020212,2
84,"A7",0.0304455391365848,2
84,"A8",0.178257200879839,3
84,"A9",0.00360557180172107,2
84,"A10",-0.192533210334279,2
84,"A11",0.151978872995429,3
84,"A12",2.58063474543308,2
84,"A13",0.314840029386323,2
84,"A14",0.625405778343229,2
84,"A15",-8.33385204315556,2
84,"A16",-0.415012342482881,2
84,"A17",0.926017112036406,2
84,"A18",1.93592002159866,2
84,"A19",0.731073136045211,3
84,"A20",0.08156152525138,2
85,"A1",0.138860064449381,2
85,"A2",-0.169413655750237,2
85,"A3",-0.222120960490854,3
85,"A4",-0.102706248908132,3
85,"A5",-0.0804993246589513,2
85,"A6",-0.064842149238086,2
85,"A7",-0.229273288824818,2
85,"A8",-0.0159565386357796,2
85,"A9",0.0356876244180114,2
85,"A10",0.0717542870317825,2
85,"A11",0.885840710054518,3
85,"A12",2.39037495721524,2
85,"A13",1.48900930095845,3
85,"A14",3.91268557255444,2
85,"A15",-3.22601404331425,2
85,"A16",0.295640673148835,2
85,"A17",0.987578513682032,2
85,"A18",-1.84664101541344,2
85,"A19",-2.7919182425834,2
85,"A20",0.844487416957135,2
86,"A1",0.12115037387564,2
86,"A2",-0.107846470448753,2
86,"A3",-0.119312131690912,3
86,"A4",-0.0945076810136763,1
86,"A5",-0.0747683500811478,2
86,"A6",-0.135271581060571,3
86,"A7",-0.021566835749879,2
86,"A8",0.0918341908676094,2
86,"A9",0.015197944995904,3
86,"A10",0.223702890065953,2
86,"A11",-0.91829684099567,3
86,"A12",-3.70897691371209,1
86,"A13",2.85948890026383,2
86,"A14",-7.13404944905583,2
86,"A15",6.34754872380714,2
86,"A16",0.739043762872918,2
86,"A17",2.49912599147658,2
86,"A18",1.60247494659033,1
86,"A19",0.663626725524146,3
86,"A20",1.65203658054748,2
87,"A1",0.092468813228919,3
87,"A2",0.134088380893204,3
87,"A3",0.0429297874278324,2
87,"A4",-0.13206011657984,2
87,"A5",-0.165644974834879,3
87,"A6",-0.107896777381275,2
87,"A7",-0.0513136905377089,1
87,"A8",-0.0811434222747632,2
87,"A9",0.120559451020221,3
87,"A10",0.000823773535783492,1
87,"A11",0.310033165512451,3
87,"A12",-6.39222434369719,3
87,"A13",0.516006037590455,2
87,"A14",1.52051068483074,2
87,"A15",1.32468466655184,2
87,"A16",2.37246192670059,2
87,"A17",0.609837316872148,3
87,"A18",0.617089955821552,2
87,"A19",0.269033991219249,2
87,"A20",-0.865103473724837,2
88,"A1",0.0839999766466921,2
88,"A2",-0.154409320413459,2
88,"A3",-0.179157534213912,3
88,"A4",-0.122238251480413,3
88,"A5",0.0624277041730211,3
88,"A6",0.148081050293343,2
88,"A7",0.0567394030262467,3
88,"A8",0.105003849451096,2
88,"A9",0.0657170709570797,2
88,"A10",0.00123178112045465,2
88,"A11",1.31127047234483,2
88,"A12",-2.57340535450711,3
88,"A13",4.22945238244355,2
88,"A14",-3.0360732909788,3
88,"A15",1.620505894326,2
88,"A16",0.832401728109906,2
88,"A17",-1.94569193383032,2
88,"A18",3.62304045187394,2
88,"A19",-0.748674430664991,2
88,"A20",1.26376885389014,2
89,"A1",0.0932320322319585,2
89,"A2",-0.0603816902493089,3
89,"A3",-0.031609413310865,3
89,"A4",0.130506106887127,2
89,"A5",-0.0133386014934581,3
89,"A6",0.014418257640161,2
89,"A7",0.0391698692205188,2
89,"A8",0.0147996870089192,2
89,"A9",0.00444029788947275,3
89,"A10",-0.0717308897434483,2
89,"A11",0.969677889006591,2
89,"A12",-3.14449305662017,3
89,"A13",0.989583992945626,2
89,"A14",1.34508889473023,2
89,"A15",0.9342386417506,2
89,"A16",2.16665402777395,2
89,"A17",3.65674871157579,2
89,"A18",1.62308190318096,2
89,"A19",-0.951961840184306,2
89,"A20",1.27984727141428,3
90,"A1",0.143568176514013,2
90,"A2",-0.107188528278618,3
90,"A3",-0.0845966219973048,2
90,"A4",-0.0823106647192506,1
90,"A5",0.0310286814514644,2
90,"A6",-0.0330530414360135,1
90,"A7",-0.11230017341087,2
90,"A8",0.10670291300333,2
90,"A9",-0.0117086015352571,2
90,"A10",0.109491151735335,2
90,"A11",0.455388980497719,2
90,"A12",0.97769209929117,3
90,"A13",4.06051258633644,2
90,"A14",0.0464203189431282,2
90,"A15",1.51952417411855,2
90,"A16",1.13152833851391,2
90,"A17",-4.28069467184058,2
90,"A18",5.53184083565656,3
90,"A19",1.03001446901081,2
90,"A20",-1.35583770340745,2
91,"A1",-0.122478774839797,2
91,"A2",-0.0179217329786914,2
91,"A3",-0.0175214263736171,3
91,"A4",-0.00971450230870732,2
91,"A5",0.0385418619723166,3
91,"A6",0.0108201710030304,3
91,"A7",0.0242039575315752,3
91,"A8",0.0553692773905703,2
91,"A9",0.236036890662217,2
91,"A10",0.162261758945185,2
91,"A11",-0.219280418387658,2
91,"A12",1.99740530167386,2
91,"A13",-3.30851788813984,3
91,"A14",3.9061168838816,3
91,"A15",-0.867641925799937,3
91,"A16",-4.42142463533048,2
91,"A17",-0.0745302278281405,3
91,"A18",-1.07301043162774,2
91,"A19",0.0713926627518374,3
91,"A20",-2.24951237483118,2
92,"A1",0.320293229870843,2
92,"A2",-0.0254331005049967,2
92,"A3",0.0378269947134718,3
92,"A4",0.0869229078944775,3
92,"A5",0.0409401769393723,2
92,"A6",-0.0578407000423584,2
92,"A7",-0.0638109777928235,3
92,"A8",0.103667863499883,2
92,"A9",-0.0919116533509503,2
92,"A10",-0.081139490945457,3
92,"A11",-2.55248512904007,2
92,"A12",-2.93207104149941,2
92,"A13",7.42181871530895,2
92,"A14",-1.97451270466541,3
92,"A15",2.25266382234701,2
92,"A16",-2.20183999347716,2
92,"A17",3.73040483935599,2
92,"A18",-0.406857210930021,3
92,"A19",-1.22489636459166,2
92,"A20",-0.0150533510343717,2
93,"A1",0.0383451127041456,3
93,"A2",0.0531631200286297,1
93,"A3",-0.2038431155392,2
93,"A4",0.0491039889629703,1
93,"A5",0.183360007306637,2
93,"A6",-0.0356451473533931,2
93,"A7",0.148626835951556,3
93,"A8",-0.0926187250061557,2
93,"A9",-0.122256668398741,2
93,"A10",-0.057127668410913,2
93,"A11",0.902469165224978,2
93,"A12",-2.5101117473373,2
93,"A13",3.77685089337589,3
93,"A14",-0.725391956344354,2
93,"A15",-2.7650222916535,3
93,"A16",1.24426198702844,2
93,"A17",0.283756739854487,3
93,"A18",-3.31540970113421,3
93,"A19",1.45234586640743,2
93,"A20",0.958752293139059,2
94,"A1",0.270980960349915,3
94,"A2",-0.16306465875072,2
94,"A3",-0.0452426919661322,3
94,"A4",-0.0488732378497569,2
94,"A5",0.0734181620317353,2
94,"A6",-0.0897921556864443,3
94,"A7",0.183168217186357,2
94,"A8",0.129941754259456,2
94,"A9",-0.0967405091176191,3
94,"A10",0.254141913791171,2
94,"A11",1.26175463866562,2
94,"A12",-1.03719793371479,2
94,"A13",0.637899484712285,2
94,"A14",-0.779948989327973,2
94,"A15",0.369743071657838,2
94,"A16",3.83520199320807,2
94,"A17",0.877493231760477,2
94,"A18",4.76758960176231,2
94,"A19",1.75258594143428,3
94,"A20",-1.90812171797001,3
95,"A1",0.255314349019351,3
95,"A2",-0.0373025502970617,2
95,"A3",-0.04498286428542,2
95,"A4",-0.0314898773863308,3
95,"A5",-0.117485200676943,2
95,"A6",-0.306303462156163,2
95,"A7",-0.0496929381557146,3
95,"A8",-0.00726581088388964,3
95,"A9",-0.285179424222146,3
95,"A10",-0.219519826645291,2
95,"A11",1.56124886022833,3
95,"A12",2.92463651036608,2
95,"A13",0.714272193252928,2
95,"A14",-1.24027515826537,2
95,"A15",-2.24454558715104,2
95,"A16",2.15113446608301,2
95,"A17",0.789917060574859,2
95,"A18",-0.982628821205066,2
95,"A19",-2.22021182418548,2
95,"A20",-2.93970136844005,2
96,"A1",0.119944823937249,2
96,"A2",0.0818729049049101,2
96,"A3",-0.0625082396331542,2
96,"A4",0.00949792917655305,2
96,"A5",0.0364624946579478,2
96,"A6",-0.130056320684291,2
96,"A7",-0.133287929731774,3
96,"A8",0.00856970024446063,2
96,"A9",-0.036341960120089,2
96,"A10",-0.299082037756508,2
96,"A11",-2.02130382559688,2
96,"A12",-0.983996160172758,3
96,"A13",0.847999670644821,2
96,"A14",-2.31208025648617,2
96,"A15",-0.184996619781798,2
96,"A16",3.27581122163282,3
96,"A17",-0.908720668830864,2
96,"A18",-1.03809702862527,2
96,"A19",0.0967360506834541,2
96,"A20",2.75609289574,2
97,"A1",-0.0751812658040004,2
97,"A2",-0.235899931762634,3
97,"A3",-0.267412833058467,3
97,"A4",0.177981266845528,3
97,"A5",0.008590741775087,2
97,"A6",0.00635179765373586,2
97,"A7",0.0596963965892105,3
97,"A8",-0.0177151369454008,2
97,"A9",-0.0805941850745653,2
97,"A10",0.19156892221496,2
97,"A11",0.210808021533856,2
97,"A12",2.02847946313291,2
97,"A13",-1.56444328935627,2
97,"A14",-1.31129369434521,3
97,"A15",0.168825105313536,2
97,"A16",-0.00621375457217103,2
97,"A17",4.53841095150426,2
97,"A18",3.53011154109241,2
97,"A19",-2.37298293879086,3
97,"A20",2.18975457954037,2
98,"A1",0.0564178192565444,2
98,"A2",0.280176678917388,3
98,"A3",0.310296994922312,2
98,"A4",-0.0475749318533534,2
98,"A5",0.0908501162711352,2
98,"A6",0.0395923262949187,2
98,"A7",0.0786238560298631,2
98,"A8",-0.190721798375169,2
98,"A9",-0.0491525743556313,3
98,"A10",0.134292182722111,2
98,"A11",-2.3840286772942,3
98,"A12",-0.47773079615293,2
98,"A13",-1.93554971854955,1
98,"A14",0.183292681543027,2
98,"A15",2.09409338992782,2
98,"A16",-0.911689658840844,2
98,"A17",0.835064503652092,2
98,"A18",-0.68346431752633,3
98,"A19",-1.11431601019475,3
98,"A20",-2.6053878003564,2
99,"A1",-0.00933568568309176,2
99,"A2",-0.067783578753631,2
99,"A3",0.0056364913473286,2
99,"A4",-0.0255158595819847,2
99,"A5",0.121627361429501,2
99,"A6",-0.0552110537560246,2
99,"A7",0.140188487371174,2
99,"A8",0.0284148094444708,2
99,"A9",0.120811707673545,2
99,"A10",0.0213424248709783,2
99,"A11",-1.92955467238937,2
99,"A12",-0.324626756989713,2
99,"A13",-1.81600818368644,2
99,"A14",0.836600544106304,2
99,"A15",0.744163744964327,2
99,"A16",1.37523221016157,3
99,"A17",1.59343545759099,2
99,"A18",-2.3837650583664,2
99,"A19",0.798489257612539,3
99,"A20",1.36584476093447,2
100,"A1",-0.00860596347241852,2
100,"A2",-0.0388996009741842,2
100,"A3",-0.087742914654239,2
100,"A4",-0.0979303355963076,3
100,"A5",-0.0627170143597661,2
100,"A6",0.124101328427802,2
100,"A7",-0.0345640865480327,2
100,"A8",-0.0726495562217245,2
100,"A9",0.131680579370116,2
100,"A10",0.111961271841078,2
100,"A11",-0.458232227864385,2
100,"A12",0.757600423558744,3
100,"A13",1.21605913579704,3
100,"A14",-1.13131205538848,2
100,"A15",-0.357801626232792,2
100,"A16",-2.69204340865853,2
100,"A17",0.139529810899198,2
100,"A18",0.220710637011579,2
100,"A19",3.00208964212784,2
100,"A20",-0.56593207519414,3
