CountryID,Country Name,Region,World Rank,Region Rank,2017 Score,Property Rights,Judical Effectiveness,Government Integrity,Tax Burden,Gov't Spending,Fiscal Health,Business Freedom,Labor Freedom,Monetary Freedom,Trade Freedom,Investment Freedom ,Financial Freedom,Tariff Rate,Income Tax Rate,Corporate Tax Rate,Tax Burden perc of GDP,Gov't Expenditure perc of GDP ,Population_Millions, GDP Billions PPP ,GDP Growth Rate,GDP per Capita PPP,Unemployment,Inflation Perc,FDI Inflow Millions,Public Debt Perc of GDP
1,Afghanistan,Asia-Pacific,163,40,48.9,12.6,28.4,27.5,91.6,79.9,97.3,54.2,59.9,69.3,66,0,0,7,20,20,6.5,27.1,32,62.3,1.5,1947,9.6,-1.5,58,6.8
2,Albania,Europe,65,30,64.4,54,28.5,39.7,86.9,72.5,51.5,79.3,50.7,81.4,87.7,70,70,1.1,23,15,23.6,30,2.8,32.7,2.6,11301,17.3,1.9,1003.3,71.9
3,Algeria,Middle East / North Africa,172,14,46.5,38.2,29.6,31.7,81.1,51,19.8,62.1,49.5,67,63.3,35,30,8.4,35,23,11.7,44.4,39.5,578.7,3.7,14504,10.5,4.8,-587.3,8.7
4,Angola,Sub-Saharan Africa,165,41,48.5,36.4,19.8,12.8,87.7,58.6,70.7,58.5,40.4,70.6,56.7,30,40,11.7,17,30,6.5,28.9,25.1,184.4,3,7344,7.6,10.3,8680.9,62.3
5,Argentina,Americas,156,26,50.4,32.4,39.6,38.2,62.6,54.6,56.4,57.3,46.1,50.9,66.7,50,50,6.6,35,35,35.9,43.9,42.4,972,1.2,22554,6.7,26.5,11654.9,56.5
6,Armenia,Europe,33,19,70.3,55.5,42.5,43.4,83.7,81.7,82.9,78.5,72.4,72.8,80.2,80,70,2.4,26,20,23.5,26.4,3.3,25.3,3,8468,16.3,3.7,180.5,46.6
7,Australia,Asia-Pacific,5,4,81,81.7,92.9,74.8,63.2,59,84.6,89.3,84.1,86.4,86.2,80,90,1.9,45,30,27.5,37.2,23.9,1138.1,2.5,47389,6.3,1.5,22264.5,36.8
8,Austria,Europe,30,17,72.3,86,81.8,75.2,50.3,19.3,79.7,76.9,67.6,83.4,87,90,70,1.5,50,25,43,51.9,8.6,404.3,0.9,47250,5.7,0.8,3837.4,86.2
9,Azerbaijan,Asia-Pacific,68,15,63.6,50.5,33,37.6,87.7,57.5,97.4,71.5,75,73.6,74.4,55,50,5.3,25,20,14.2,38.5,9.5,169.4,1.1,17993,4.7,4,4047.7,36.1
10,Bahamas,Americas,90,19,61.1,45.3,48.7,38.2,97.1,83.8,42.3,68.5,71.5,77,50.6,50,60,19.7,0,0,16.9,24.2,0.4,9.2,0.5,25167,14.4,1.9,384.9,65.7
11,Bahrain,Middle East / North Africa,44,4,68.5,64.2,53.7,55.5,99.9,69.8,12,69.4,78.7,80.7,82.8,75,80,3.6,0,0,3.8,34.7,1.2,64.8,3.2,50095,1.2,1.8,-1462.8,63.3
12,Bangladesh,Asia-Pacific,128,28,55,34.9,26,19.1,72.8,94,78.7,53.4,68.7,68.6,63.6,50,30,10.7,25,45,8.6,13.8,159.9,576.5,6.4,3607,4.4,6.4,2235.4,34
13,Barbados,Americas,130,24,54.5,55.5,33,34.3,74,39,0,69.6,67.7,83.7,62.2,75,60,13.9,35,25,27.4,44.2,0.3,4.6,0.5,16575,12.3,0.5,254.4,103
14,Belarus,Europe,104,40,58.6,50.9,56.3,37.6,89.8,48.7,92.8,71.3,74.6,60.4,80.6,30,10,2.2,13,18,23,42.6,9.4,167.7,-3.9,17654,6.1,13.5,1583.9,59.9
15,Belgium,Europe,49,25,67.8,83.3,69.3,71.5,44.1,9.6,66.3,82,61.1,84.9,87,85,70,1.5,50,33,44.7,53.9,11.2,494.1,1.4,43585,8.7,0.6,31029.5,106.3
16,Belize,Americas,101,22,58.6,43.5,48.7,35,81.3,68.6,60.5,62.7,53.6,79.6,70.1,50,50,10,25,25,24.8,32.8,0.4,3,1.5,8373,11.8,-0.6,64.6,76.3
17,Benin,Sub-Saharan Africa,96,11,59.2,36,29.4,31.3,68.6,85.9,71.3,51.9,52.4,85.4,68.7,80,50,10.6,45,30,14.8,24.9,10.9,22.9,5.2,2113,1.1,0.3,229.3,37.5
18,Bhutan,Asia-Pacific,107,21,58.4,60.1,50.7,44.7,83.1,73.6,61.7,72.6,77.6,67.1,60,20,30,10,25,30,13,25.1,0.8,6.4,7.7,8201,2.6,7.2,12.1,115.7
19,Bolivia,Americas,168,30,47.7,25.7,15.4,32.6,86.1,49.1,81.4,58.9,35.8,66.4,76,5,40,4.5,13,25,24.4,41.9,11.5,74.4,4.8,6465,3.6,4.1,503.4,39.7
20,Bosnia and Herzegovina,Europe,92,36,60.2,41.2,40,32.7,83.5,33.7,89.3,47.4,59.3,84,86.6,65,60,1.7,10,10,38.1,46.8,3.9,40.5,2.8,10492,30.3,-1,249.5,45.5
21,Botswana,Sub-Saharan Africa,34,2,70.1,58.1,54,57.6,77.1,61.2,99.4,68.8,68.6,77.9,83.8,65,70,0.6,25,22,34.4,39.7,2.1,34.8,-0.3,16368,18.6,3,393.6,17.8
22,Brazil,Americas,140,25,52.9,55,49.7,33.4,70.1,53.1,22.8,61.3,52.3,67,69.4,50,50,7.8,27.5,34,32.8,41.9,204.5,3192.4,-3.8,15615,7.2,9,64647.9,73.7
23,Bulgaria,Europe,47,23,67.9,62.5,38.9,41.8,91,58.4,86.4,66.7,68.3,83.3,87,70,60,1.5,10,10,26.5,38.8,7.2,136.9,3,19097,9.8,-1.1,1773.9,26.9
24,Burkina Faso,Sub-Saharan Africa,93,10,59.6,38.2,28.4,31.7,82.6,82.5,88.4,46.4,53.3,84.6,69.2,70,40,7.9,27.5,27.5,15.2,21.3,17.9,30.9,4,1724,2.9,0.9,167.4,31
25,Burma,Asia-Pacific,146,34,52.5,23,12.9,29.6,86.2,81.5,89.9,50.1,77.1,65.4,74.2,20,20,2.9,20,30,9.2,25.9,51.8,283.5,7,5469,4.7,11.5,2824,32
26,Burundi,Sub-Saharan Africa,139,30,53.2,25.7,19.8,24.6,73.8,69.5,69.6,53.5,67.4,75.2,74.2,55,30,5.4,35,35,12.9,29.9,9.4,7.7,-4.1,819,1.5,5.6,7.4,38.4
27,Cambodia,Asia-Pacific,94,20,59.5,42.4,22.1,12.8,90.2,88.1,95.7,29.6,62,81,80.3,60,50,4.9,20,20,13.4,18.2,15.5,54.2,6.9,3488,0.5,1.2,1701,33.6
28,Cameroon,Sub-Saharan Africa,150,34,51.8,43.5,29.6,17.4,75.4,84.4,60.9,44.3,47.8,80.1,53.4,35,50,15.8,35,33,12.2,23.5,23.1,72.6,5.9,3144,4.6,2.8,620.1,33.5
29,Canada,Americas,7,1,78.5,88.3,80.8,81.6,77.4,52.3,80.3,81.9,73.1,77.8,88.4,80,80,0.8,33,15,30.8,40.3,35.9,1631.9,1.2,45553,6.9,1.1,48642.8,91.5
30,Cabo Verde,Sub-Saharan Africa,116,17,56.9,42.6,50.2,41.8,78.3,70.7,1.2,65.5,43.2,86.7,68.2,75,60,10.9,35,25,18,29.9,0.5,3.4,1.8,6522,10.8,0.1,94.9,119.3
31,Central African Republic,Sub-Saharan Africa,151,35,51.8,12.6,33,28.7,65.8,94.1,84.1,27.2,42.7,68.2,55.2,80,30,14.9,50,30,4.4,14.6,4.8,3,4.3,630,7.6,5.4,3,65
32,Chad,Sub-Saharan Africa,162,39,49,30.6,24.1,24.6,46,87.2,74.6,27.5,44.9,74.3,54.7,60,40,15.1,60,45,6.8,17.1,11.6,30.5,1.8,2634,5.6,3.6,600.2,39.3
33,Chile,Americas,10,2,76.5,68.2,63.7,70.5,77.6,82.2,96.1,72.3,64.3,82.2,86.4,85,70,1.8,35,25,19.8,25.8,18,422.4,2.1,23460,6.4,4.3,20176.2,17.1
34,China,Asia-Pacific,111,24,57.4,48.3,60.7,41.6,70,73,92.5,53.9,63.4,71.8,73.6,20,20,3.2,45,25,18.7,31.9,1375,19392.4,6.9,14107,4.6,1.4,135610,43.9
35,Colombia,Americas,37,4,69.7,63.8,25.2,39.6,80.1,74.2,89.8,77.1,77.9,77,81.6,80,70,4.2,33,25,16.7,29.6,48.2,667.4,3.1,13847,10,5,12107.6,49.4
36,Comoros,Sub-Saharan Africa,121,22,55.8,37.3,22.6,30,64.6,81.2,98.6,58.5,50.6,81.5,70.2,45,30,7.4,30,50,11.8,25.5,0.8,1.2,1,1519,19.6,2,5.1,26.7
37,"Congo, Democratic Republic of the Congo",Sub-Saharan Africa,117,18,56.4,40.6,48.7,28.6,73.4,94.7,99.3,59.9,38.4,78.6,64.6,30,20,10.2,30,40,12.5,14.2,81.7,62.9,7.7,770,3.8,1,1673.5,18.8
38,"Congo, Republic of",Sub-Saharan Africa,177,47,40,34.8,22.6,30.5,66.8,36.2,11.6,32.1,37.5,76.1,52.2,50,30,16.4,45,34,11.7,39.6,4.4,29.4,2.5,6722,7.2,2,1486.2,64.9
39,Costa Rica,Americas,63,10,65,51.6,55.6,55.4,79.4,88.5,42.4,68.1,53.9,80.8,84.7,70,50,2.7,25,30,23.1,20,4.8,74.9,3.7,15482,8.6,0.8,2849.6,42.4
40,Côte d'Ivoire,Sub-Saharan Africa,75,4,63,42.6,45.8,34.3,78.4,84.6,87,62.1,50.6,73.2,72.3,75,50,6.3,36,25,15.5,22.7,23.3,78.6,8.6,3316,9.5,1.2,430.2,34.7
41,Croatia,Europe,95,37,59.4,65.5,56.8,43.4,66.8,31.3,44.7,58.2,43.3,80.3,87.4,75,60,1.3,40,20,36.4,47.6,4.2,91.1,1.6,21581,16.1,-0.5,173.9,87.7
42,Cuba,Americas,178,31,33.9,32.4,10,41.8,51.3,0,81.2,20,20,66,64.5,10,10,7.7,50,30,38.3,64.6,11.2,141.5,4.3,12580,,4.6,,35
43,Cyprus,Europe,48,24,67.9,75.4,60.7,53.6,73,48.8,72.9,75.8,58.6,83.3,87,75,50,1.5,35,12.5,36.3,41.2,0.9,28.1,1.6,32786,15.6,-1.5,4534.1,108.7
44,Czech Republic,Europe,28,16,73.3,70.3,55.9,55.9,82.9,45.3,92,67.2,77.7,85.8,87,80,80,1.5,15,19,33.5,42.9,10.5,332.5,4.2,31550,5.2,0.3,1223.1,40.9
45,Denmark,Europe,18,9,75.1,86.7,68.5,84.9,37.2,5.7,95.4,93.9,85.8,85.5,87,90,80,1.5,56,23.5,50.9,55.7,5.6,258.7,1.2,45709,6.3,0.5,3641.5,45.6
46,Djibouti,Sub-Saharan Africa,171,43,46.7,12.3,10.3,32.6,80.9,39.5,13.8,51.6,59,75.3,54.9,80,50,17.6,30,25,19.57568438,53.9,1,3.1,6.5,3204,53.9,2.1,124,55.5
47,Dominica,Americas,67,13,63.7,43.8,67.7,40.9,73.2,67.5,72.6,72.1,59,89.5,72.6,75,30,8.7,35,30,23.6,33.1,0.1,0.8,-4.3,10788,,-0.8,36,82.4
48,Dominican Republic,Americas,76,16,62.9,56.1,25.3,30.9,84.6,90.2,90.1,52.8,56.2,76.7,77,75,40,6.5,25,27,13.8,18,10.8,149.7,7,14984,14.4,0.8,2221.5,34.3
49,Ecuador,Americas,160,28,49.3,38.7,22.3,33.9,79.1,46.1,56.4,55.4,47.3,67.7,69.7,35,40,5.2,35,22,19.6,39.3,16.3,183.4,0,11264,4.3,4,1060.1,34.5
50,Egypt,Middle East / North Africa,144,12,52.6,35.4,56.3,32.7,86.1,63,4.6,66.8,51.3,69.6,70.2,55,40,7.4,25,25,11.9,33.4,88.4,1047.9,4.2,11850,12.1,11,6885,87.7
51,El Salvador,Americas,66,12,64.1,45.3,35.4,31.7,79,85.9,74.7,57.3,54.5,79.2,86.5,80,60,1.8,30,30,17.3,21.7,6.4,52.9,2.4,8303,6.4,-0.7,428.7,58.9
52,Equatorial Guinea,Sub-Saharan Africa,174,44,45,35.4,13.1,24.6,75.4,53.6,46.4,50.9,38.5,78.3,53.8,40,30,15.6,35,35,2.8,38.2,0.8,25.4,-12.2,31758,9.4,3.2,316.2,20.1
53,Eritrea,Sub-Saharan Africa,176,46,42.2,36.4,10.3,27.5,81.3,74.7,0,56.7,69.7,61,69.2,0,20,5.4,30,30,8.4,28.5,6.8,8.7,4.8,1297,8.4,9,49.3,127.1
54,Estonia,Europe,6,2,79.1,82.6,82.8,69.9,81.2,55.8,99.8,77,56.9,85.7,87,90,80,1.5,20,20,32.9,38.9,1.3,37.5,1.1,28592,5.9,0.1,207.7,10.1
55,Ethiopia,Sub-Saharan Africa,142,31,52.7,32.6,29.6,37.6,77.1,90.3,86.5,50,57.2,65.7,65.1,20,20,10,35,30,12.7,18.6,93,161.6,10.2,1801,5.5,10.1,2167.6,48.6
56,Fiji,Asia-Pacific,71,16,63.4,67.7,41.9,32.7,80.7,72.5,84.1,61.3,70.5,75.5,68.8,55,50,10.6,29,20,26.3,31.4,0.9,8,4.3,9044,7.7,2.8,332.4,46.1
57,Finland,Europe,24,13,74,90.6,82.7,90,66.6,0,77.3,90.2,53.4,85.1,87,85,80,1.5,31.8,20,43.9,58.5,5.5,225,0.4,41120,9.6,-0.2,8289.6,62.4
58,France,Europe,72,32,63.3,85,72.7,69.7,47.6,2,57,78,44.1,81.6,82,70,70,1.5,45,34.3,45.2,56.9,64.2,2646.9,1.1,41181,10.6,0.1,42882.6,96.8
59,Gabon,Sub-Saharan Africa,103,13,58.6,35.9,26.7,37.6,77,81,96.1,50.6,58.4,83,61.8,55,40,14.1,35,30,13.12114464,23.7,1.6,34.6,4,18639,20.5,0.1,623.9,43.9
60,Gambia,Sub-Saharan Africa,136,28,53.4,39.1,38.8,38.2,74.9,74.3,3.2,52.8,65.6,63.8,65,75,50,12.5,35,32,16.1,28.2,2,3.3,4.4,1646,30.1,6.8,10.6,91.6
61,Georgia,Europe,13,5,76,55.1,66.5,65,87.3,74.4,93.5,87.2,75.9,78.2,88.6,80,60,0.7,20,15,25.3,29.1,4.5,35.6,2.8,9630,12.3,4,1350.2,41.2
62,Germany,Europe,26,15,73.8,82.9,79.5,77.7,61.9,41.4,89.9,86.6,42.8,85.9,87,80,70,1.5,45,15.8,36.1,44,81.4,3840.6,1.5,46893,4.6,0.1,31719.3,71
63,Ghana,Sub-Saharan Africa,118,19,56.2,51.6,40.9,35.5,84.5,76.3,9.2,59.6,57.4,64.5,65.1,70,60,10,25,25,17.2,24.4,26.9,114.7,3.5,4266,6.3,17.2,3192.3,73.3
64,Greece,Europe,127,43,55,52.5,56.1,41.3,61.1,5.4,58.1,74.3,51,78.2,82,60,40,1.5,42,29,35.9,55.5,11,286,-0.2,26449,24.9,-1.1,-289.5,178.4
65,Guatemala,Americas,74,15,63,45,27.8,27.5,79.2,94.8,93.5,58.7,48.2,79.4,87,65,50,1.5,31,31,12.5,12.2,16.3,125.9,4,7738,2.7,2.4,1208.4,24.3
66,Guinea,Sub-Saharan Africa,169,42,47.6,15.6,13.1,27.5,69.1,78.4,34.2,55.8,54.8,71.1,61.2,50,40,11.9,40,35,16.2,28.5,11.7,15,0.1,1214,1.8,8.2,85,48.4
67,Guinea-Bissau,Sub-Saharan Africa,119,20,56.1,33.8,48.7,28.7,89,87.5,75.3,46.7,60.9,77.7,65.2,30,30,9.9,20,25,8.7,25.5,1.8,2.7,4.8,1508,7.6,1.5,18.3,57.7
68,Guyana,Americas,106,23,58.5,37.7,34.1,33.9,68,72.8,80.9,63.2,70.9,79.8,70.7,60,30,7.1,33.3,40,22.1,29.6,0.8,5.8,3,7509,11.2,-0.3,121.7,48.8
69,Haiti,Americas,159,27,49.6,12.6,25.1,19.1,80.3,81,51.8,49.4,62.1,73.8,70.6,40,30,7.2,30,30,13.2,22,10.6,18.7,1,1750,6.9,7.5,104.2,30.4
70,Honduras,Americas,100,21,58.8,45,38.2,32.2,83.3,74.7,64.1,56.9,31.2,77.3,78.4,65,60,5.8,25,25,20.6,28,8.4,41.1,3.6,4869,3.9,3.2,1203.5,47.4
71,Hong Kong SAR,Asia-Pacific,1,1,89.8,93.7,84,80.3,93,90,100,94.6,89.1,83.2,90,90,90,0,15,16.5,14.4,17.6,7.3,414.6,2.4,56701,3.3,3,174892.1,0.1
72,Hungary,Europe,56,27,65.8,60.1,51.8,41.5,79.3,25.3,79.3,64,64.4,91.7,87,75,70,1.5,15,19,38.5,50.2,9.9,258.4,2.9,26222,7,-0.1,1269.9,75.5
73,Iceland,Europe,22,12,74.4,85,71.5,71.5,70.9,41.1,90.6,90.2,62.6,81.2,88,80,60,1,31.8,20,38.7,43.6,0.3,15.2,4,46097,4.4,1.6,-76.2,67.6
74,India,Asia-Pacific,143,33,52.6,55.4,44.4,44.3,77.2,77.4,11,52.8,41.6,75,72.6,40,40,6.2,30.9,34.6,16.6,27.9,1276.3,7965.2,7.3,6162,3.5,4.9,44208,67.2
75,Indonesia,Asia-Pacific,84,18,61.9,48.3,39.3,44.7,83.6,89.9,90.1,49.1,48.9,74,80.5,35,60,2.3,30,25,10.9,17.4,255.1,2842.2,4.8,11126,5.8,6.4,15508.2,27.3
76,Iran,Middle East / North Africa,155,13,50.5,32.4,36,29.6,81.1,92.7,94.9,64.8,54.5,55.5,54.5,0,10,15.2,35,25,6.4,15.9,79,1371.1,0,17251,10.5,12,2050,17.1
77,Iraq,Middle East / North Africa,,,,37.3,15.9,19.1,,36.1,11.3,61.2,68,76.9,,,,,15,15,,44.4,37,544.1,2.4,15474,16.9,1.4,3468.5,66.1
78,Ireland,Europe,9,3,76.7,85.8,78.3,78.3,72.7,57.1,60.3,80.3,73.6,87.6,87,90,70,1.5,41,12.5,29.9,35.2,4.6,257.4,7.8,55533,9.5,0,100542.4,78.7
79,Israel,Middle East / North Africa,36,3,69.7,71.9,82,47.6,61,50.5,71.8,69.9,64.3,84.9,88,75,70,1,48,25,31.1,40.3,8.4,281.9,2.6,33656,5,-0.6,11566,64.6
80,Italy,Europe,79,34,62.5,74.6,55.4,44.7,54.9,22.3,66.9,69.8,52.9,86.9,87,85,50,1.5,43,27.5,43.6,50.4,60.2,2170.9,0.8,35708,12.1,0.1,20278.7,132.6
81,Jamaica,Americas,41,6,69.5,58,61.5,38.2,81,77.5,79.9,78.9,73.7,79.5,75.3,80,50,7.3,25,25,25.5,28.2,2.8,24.6,1.1,8759,13.7,4.7,794.5,124.3
82,Japan,Asia-Pacific,40,10,69.6,89.4,73.8,86.1,68.5,52.3,9.5,82.3,77.5,83,82.6,70,60,1.2,40.8,23.9,30.3,39.3,126.7,4830.1,0.5,38054,3.3,0.8,-2250,248.1
83,Jordan,Middle East / North Africa,53,5,66.7,60.1,49.5,49.8,91.3,73.3,55.5,63.9,58.1,86.7,82,70,60,4,14,20,16.7,29,6.8,82.7,2.5,12123,12.9,-0.9,1274.8,91.7
84,Kazakhstan,Asia-Pacific,42,11,69,56.1,56.5,38,93.3,85.7,98.9,74.5,82.5,73.9,78.5,40,50,3.3,10,20,13.2,23,17.7,429.1,1.2,24268,5.6,6.5,4020.7,23.3
85,Kenya,Sub-Saharan Africa,135,27,53.5,45.1,42.7,24.7,78.5,77.9,14.4,50,62.4,73.8,67.2,55,50,8.9,30,30,18.7,28.6,44.1,141.9,5.6,3208,9.2,6.6,1437,52.7
86,Kiribati,Asia-Pacific,153,38,50.9,48,33,37.6,73.6,0,99.5,51.5,71.9,82,58.2,25,30,15.9,35,35,13.8,103.2,0.1,0.2,4.2,1787,,1.4,1.7,16.4
87,"Korea, North ",Asia-Pacific,180,43,4.9,32.4,5,11.6,0,0,0,5,5,0,0,0,0,,,,,,24.8,,,,,,82.9,
88,"Korea, South",Asia-Pacific,23,6,74.3,77.8,59.9,67.3,73.7,68.9,97.4,90.6,57,84,79.5,65,70,5.2,35,22,24.6,32.9,50.6,1848.5,2.6,36511,3.7,0.7,5042,35.9
89,Kuwait,Middle East / North Africa,61,6,65.1,55.5,56.4,41.3,97.7,40.8,99.8,61.2,61.5,73.6,78.7,55,60,3.2,0,15,0.9,53.6,4.1,288.4,0.9,70166,3.5,3.4,293.5,10.6
90,Kyrgyz Republic,Asia-Pacific,89,19,61.1,50.9,17.2,30.3,93.7,55.2,78.9,73.7,79.8,68.5,75.3,60,50,2.3,10,10,20.81042,39.1,5.8,20.1,3.5,3363,8.2,6.5,404.5,68.8
91,Lao P.D.R.,Asia-Pacific,133,31,54,35.3,35.9,32.6,86.1,76.6,61.2,66.3,54.4,70.2,74.6,35,20,5.2,24,24,15.5,26.2,7,37.3,7,5309,1.6,5.3,1219.8,64.3
92,Latvia,Europe,20,11,74.8,72.6,59.7,67.3,84.7,57.4,95,79.8,72,86.5,87,75,60,1.5,23,15,27.8,37.7,2,49.1,2.7,24712,9.8,0.2,643.5,34.8
93,Lebanon,Middle East / North Africa,137,11,53.3,43.8,25.3,23.3,91.8,76.1,0,51.5,49.5,78.4,84.4,65,50,2.8,20,15,13.8,28.5,4.6,83.1,1,18240,7.1,-3.7,2341,139.1
94,Lesotho,Sub-Saharan Africa,134,26,53.9,51.6,50.9,39.6,55.7,0,92.2,52.2,57.7,76.4,80.2,50,40,2.4,35,25,50.8,59.3,1.9,5.8,2.5,2987,27.5,4.8,169,60
95,Liberia,Sub-Saharan Africa,161,38,49.1,33.6,41,31.4,83.6,60.1,36.2,53.1,48.5,71.8,60.1,50,20,6.1,25,25,19.7,44.5,4.3,3.7,0,873,4.2,7.7,512.3,40
96,Libya,Middle East / North Africa,,,,6.8,22.6,26.7,95,0,11.4,65,52.5,69.2,80,,,0,10,20,,76.7,6.3,92.6,-6.4,14650,20.6,8,725.7,65.4
97,Liechtenstein,Europe,,,,,,,,,,92.3,85.7,,90,85,80,0,7,12.5,,,,,,,,,,
98,Lithuania,Europe,16,8,75.8,73,62.4,69.7,86.9,64.1,93.6,79.1,63.6,90,87,70,70,1.5,15,15,29.3,34.9,2.9,82.4,1.6,28359,9.5,-0.7,863.4,42.5
99,Luxembourg,Europe,14,6,75.9,85.8,77,78.3,64.5,46,99,68.6,43.8,86.2,87,95,80,1.5,42,19,37.8,41.5,0.6,55.7,4.5,98987,5.9,0.1,24595.8,21.8
100,Macau,Asia-Pacific,32,8,70.7,60,60,37.1,72.3,92.8,100,60,50,70.8,90,85,70,0,12,39,33.2,18.8,0.6,65.4,-20.3,98135,1.8,4.6,3907.1,0
101,Macedonia,Europe,31,18,70.7,67,61.4,52,91.9,68.9,72.6,81.5,66.7,80.8,86.1,60,60,2,10,10,24.6,33.1,2.1,29,3.7,14009,26.9,-0.2,174.2,38.6
102,Madagascar,Sub-Saharan Africa,113,15,57.4,34.8,21.4,25,91,93.2,79.8,43.3,43.8,73.3,78,55,50,6,20,20,9.9,15.5,24.2,35.4,3,1462,2.2,7.4,517.5,35.6
103,Malawi,Sub-Saharan Africa,149,33,52.2,36,44.2,31.3,79.1,69.8,33.5,45.3,56.9,54.7,70.5,55,50,4.8,30,30,16.9,30.7,18.1,20.4,3,1124,6.7,21.9,142.5,83.4
104,Malaysia,Asia-Pacific,27,7,73.8,85.3,67.3,51.8,85.3,78.7,76.5,90.8,73.1,85.3,81.2,60,50,4.4,28,24,14.8,25.2,30.8,815.6,5,26315,2.9,2.1,11121.5,57.4
105,Maldives,Asia-Pacific,157,39,50.3,45.1,33,31.4,93,51.5,9.4,80.6,70.4,76.3,47.8,35,30,21.1,0,0,26.4,44.4,0.3,5.2,1.9,14923,11.8,1.4,323.9,72.9
106,Mali,Sub-Saharan Africa,102,12,58.6,36.7,33.8,34.3,69.4,88,87.8,44.2,51.1,83,70.1,65,40,7.4,40,35,15.3,20.3,16.3,35.8,6.1,2199,8.5,1.4,152.9,36.3
107,Malta,Europe,50,26,67.7,67.7,62.9,53.6,62.8,44.9,85.1,62.5,57.2,83.5,87,85,60,1.5,35,35,35.6,43.3,0.4,15.5,6.3,36005,5.4,1.2,9532,64
108,Mauritania,Sub-Saharan Africa,131,25,54.4,22.5,13.8,29.2,81.2,73.2,77.1,64.4,57.4,81.9,62.3,50,40,11.4,30,25,18.9,33.4,3.7,16.3,1.9,4395,31.1,0.5,495,78.1
109,Mauritius,Sub-Saharan Africa,21,1,74.7,64.4,72.6,44.3,92,81.5,74.9,78.2,68.8,81.1,88.7,80,70,0.6,15,15,18.6,25.9,1.3,24.6,3.4,19509,7.9,1.3,208.3,58.1
110,Mexico,Americas,70,14,63.6,58.1,38.7,30,74.9,76.7,66.8,70.7,57.9,78.8,80,70,60,5,35,30,19.7,27.6,121.1,2227.2,2.5,17534,4.3,2.7,30284.6,54
111,Micronesia,Asia-Pacific,132,30,54.1,30,30,40.7,90.7,0,98.6,57.8,67.7,83.6,85.6,35,30,2.2,10,21,19.7,59.8,0.1,0.3,-0.2,2955,,-1,0.8,26.3
112,Moldova,Europe,110,41,58,49.6,23.9,28.6,86.1,54.8,90.6,65.9,38.9,72,80,55,50,2.5,18,12,30.4,38.3,3.6,17.8,-1.1,5006,5,9.6,228.5,42
113,Mongolia,Asia-Pacific,129,29,54.8,51.3,28.4,36.8,87.1,57.6,0,67.2,76.6,72.3,74.9,45,60,5,10,25,23.7,33.8,3,36.1,2.3,12147,7.1,5.9,195.1,76.5
114,Montenegro,Europe,83,35,62,58,50.4,43.4,83.1,33.1,44.3,72,67.4,82.5,84.7,75,50,2.6,9,9,39.1,48,0.6,10,4.1,16123,18.2,1.6,699.1,66.4
115,Morocco,Middle East / North Africa,86,9,61.5,55,41.9,37.1,71.7,69.4,55,67.7,33.8,82.7,84,70,70,3,38,30,22,29.9,33.5,273.5,4.5,8164,9.6,1.6,3162.3,63.7
116,Mozambique,Sub-Saharan Africa,158,37,49.9,40.6,32.4,30.9,73.2,58.2,22.7,58.8,41,79.9,76.7,35,50,4.2,32,32,25.1,35.4,27.1,33.2,6.3,1186,22.3,2.4,3710.8,74.8
117,Namibia,Sub-Saharan Africa,78,5,62.5,53.8,50.6,41.3,65.2,55.6,66.4,67.6,84.4,77.2,83.5,65,40,0.8,37,34,30.9,39.6,2.2,25.3,4.5,11408,25.5,3.4,1077.8,27.2
118,Nepal,Asia-Pacific,125,26,55.1,37.3,32,26.7,84.9,89.5,98.4,64.6,47.6,72.2,68.1,10,30,10.9,25,25,16.1,19.9,28.4,70.1,3.4,2465,3.1,7.2,51.4,28.7
119,Netherlands,Europe,15,7,75.8,87.4,69.9,85.7,53.2,37,83,80.2,70.5,85.8,87,90,80,1.5,52,25,36.7,44.9,16.9,832.6,1.9,49166,6.1,0.2,72648.8,67.6
120,New Zealand,Asia-Pacific,3,3,83.7,96.1,88.5,89.9,70.8,46.5,97.8,91.8,86.2,90.1,87.4,80,80,1.3,33,28,32.4,41.9,4.6,168.2,3.4,36172,5.9,0.3,-985.8,30.4
121,Nicaragua,Americas,98,20,59.2,31.1,15.9,27.4,77.2,80.8,96.1,59,55.6,71.2,81,65,50,2,30,30,21.9,26.4,6.3,31.3,4.5,4997,6,4,835,31.2
122,Niger,Sub-Saharan Africa,154,36,50.8,33.8,22.6,35,76.3,73.4,38.5,39.1,46.1,83.3,66.4,55,40,9.3,35,30,15.5,31.1,17.6,19.1,4,1080,2.8,1,525,43.5
123,Nigeria,Sub-Saharan Africa,115,16,57.1,35.3,33.2,12.2,85.2,95.2,87.2,48.9,73.9,71.3,62.3,40,40,11.3,24,30,2.8,11.8,178.7,1091.7,2.7,6108,5.8,9,3064.2,11.5
124,Norway,Europe,25,14,74,86.7,83.3,88.3,55.6,38.5,98.4,89.5,48.8,75.8,87.7,75,60,1.2,47.8,25,39.1,47.7,5.2,356.2,1.6,68430,4.2,2.2,-4238.6,27.9
125,Oman,Middle East / North Africa,82,8,62.1,60.8,52.3,47.6,98.5,20.5,36.3,68.4,70.3,80.6,85.2,65,60,2.4,0,12,2.6,59.7,4.2,171.4,4.1,44628,6.3,0.2,821.8,20.6
126,Pakistan,Asia-Pacific,141,32,52.8,36.4,34.1,30.5,78.9,87.3,30.8,61.2,37.8,74.8,67.2,55,40,8.9,30,33,11,19.8,190,931,4.2,5000,5.4,4.5,864.7,64.4
127,Panama,Americas,54,8,66.3,61.1,21.5,40.9,85.2,83.1,84.9,74.4,43,78.4,77.8,75,70,6.1,25,25,15.2,23.2,4,87.2,5.8,21765,5.2,0.1,5038.6,38.8
128,Papua New Guinea,Asia-Pacific,152,37,50.9,37.7,54,32.7,67.8,64.5,16.7,59.8,67.4,69.8,85.4,25,30,2.3,42,30,23.5,32.6,7.7,20.5,9,2652,3.1,6,-27.8,40.8
129,Paraguay,Americas,80,17,62.4,38.2,23.3,32.6,96.2,83,95.1,62.4,28.5,78.3,76.6,75,60,4.2,10,10,13.5,24.4,7,61,3,8708,4.9,2.9,282.7,23.8
130,Peru,Americas,43,7,68.9,58.3,28.2,38.8,80.3,85.1,98.4,69.4,62.8,83.3,87.1,75,60,1.4,30,28,16.8,22.6,31.9,389.1,3.3,12195,3.5,3.5,6861.2,23.1
131,Philippines,Asia-Pacific,58,14,65.6,49.2,37.1,38.7,78.9,89.4,97.2,62.6,57.2,80.6,76.4,60,60,4.3,32,30,13.6,19.4,101.4,741,5.8,7254,6.7,1.4,5234,37.1
132,Poland,Europe,45,21,68.3,60.8,58,55.5,76,46.9,76.1,67.8,61.5,84.7,87,75,70,1.5,32,19,31.9,41.6,38,1005.4,3.6,26455,7.4,-0.9,7489.4,51.3
133,Portugal,Europe,77,33,62.6,73.3,68.9,59,59.8,25.1,32.1,86.4,43.4,85.9,87,70,60,1.5,48,21,34.4,48.2,10.4,289.8,1.5,27835,12.1,0.5,6030.6,128.8
134,Qatar,Middle East / North Africa,29,2,73.1,74.8,63,59,99.6,71.2,97.4,68.1,65.4,80.6,83.1,55,60,3.4,0,0,6.3,33.1,2.4,319.8,3.3,132099,0.2,1.7,1070.9,35.8
135,Romania,Europe,39,20,69.7,63.9,58.5,45.9,87.4,65.3,90.9,65.9,62.5,83.6,87,75,50,1.5,16,16,27.4,34.3,19.8,413.8,3.7,20787,6.9,-0.6,3388.9,39.4
136,Russia,Europe,114,42,57.1,47.6,44.5,38.2,81.8,61.5,93.4,74.8,50.8,57.3,75.2,30,30,4.9,13,20,35.3,36.4,143.7,3717.6,-3.7,25411,5.8,15.5,9824.9,17.7
137,Rwanda,Sub-Saharan Africa,51,3,67.6,64.4,68.8,45.9,79.8,77.3,83.3,59,81.8,80,70.3,60,40,7.4,30,30,14.9,27.2,11.4,20.4,6.9,1807,2.4,2.5,471.2,34.6
138,Saint. Lucia,Americas,62,11,65,65.5,68.8,39.6,76.4,71.6,53.8,77.2,68.7,82.3,71.6,65,40,9.2,30,30,23.7,31.8,0.2,2,1.6,11739,20.1,-0.7,95,83
139,Saint. Vincent and the Grenadines,Americas,59,9,65.2,37.3,68.8,47.6,72.8,71.7,66.7,80.3,74.5,82.9,65.2,75,40,12.4,32.5,32.5,23.9,28.7,0.1,1.2,1.6,10956,20,-1.7,120.7,73.6
140,Samoa,Asia-Pacific,108,22,58.4,51.3,22.6,37.1,80.4,51.9,66.6,77,73.3,84.5,70.7,55,30,9.7,27,27,22.4,39.2,0.2,1,1.7,5174,5.8,0.9,15.6,55.5
141,São Tomé and Príncipe,Sub-Saharan Africa,124,24,55.4,37.7,15.9,39.7,87.8,67.9,67.1,65,47.2,69.6,71.8,65,30,9.1,20,25,14.1,35.2,0.2,0.7,4,3244,14,5.3,28.5,82.5
142,Saudi Arabia,Middle East / North Africa,64,7,64.4,62,65,45.9,99.7,54.5,65.7,73.8,68.5,70.1,78.2,40,50,3.4,2.5,2.5,4.6,40.9,31.4,1683,3.4,53624,5.8,2.2,8141,5.8
143,Senegal,Sub-Saharan Africa,120,21,55.9,44,39.3,42.1,70.9,74.3,51.8,50.8,38.9,86,73.1,60,40,8.5,40,30,20.2,29.9,15,36.7,6.5,2451,9.3,0.1,345.2,56.8
144,Serbia,Europe,99,39,58.9,50.3,40.2,38.2,83.3,40.3,46.9,62.9,65.9,80.8,77.8,70,50,6.1,15,15,35,44.7,7.2,97.5,0.7,13671,19,1.4,2346.6,77.4
145,Seychelles,Sub-Saharan Africa,85,7,61.8,55.2,42.6,44.3,78.8,63.9,90.7,63.4,55.9,78.3,83.4,55,30,3.3,15,33,28.4,32.3,0.1,2.4,4.4,26277,,4,194.5,68.1
146,Sierra Leone,Sub-Saharan Africa,145,32,52.6,37.4,27,18.9,81.3,90.2,76.2,49.6,29.7,71.1,69.4,60,20,10.3,30,30,8.3,20.3,6.3,10,-21.5,1577,3.4,9,518.7,46.1
147,Singapore,Asia-Pacific,2,2,88.6,97.1,91.5,87.9,90.5,90.1,80.7,95.1,90.8,84.3,90,85,80,0,22,17,13.4,20.3,5.5,471.9,2,85253,3.3,-0.5,65262.4,98.2
148,Slovak Republic,Europe,57,28,65.7,69,38,39.6,79.7,47.2,82.9,64.9,54.4,81.1,87,75,70,1.5,25,21,31,43.2,5.4,161,3.6,29720,11.3,-0.3,802.5,52.6
149,Slovenia,Europe,97,38,59.2,75,55.1,53.6,58.7,28.6,6.1,80.6,60.2,85.3,87,70,50,1.5,50,17,36.6,44.1,2.1,64,2.9,31007,9.3,-0.5,993.3,83.3
150,Solomon Islands,Asia-Pacific,126,27,55,39.3,41.9,33.9,62.8,34.4,99.8,68.5,70.5,81,83,15,30,8.5,40,30,35,46.4,0.6,1.1,3.3,1950,34.8,-0.4,21.1,10.4
151,South Africa,Sub-Saharan Africa,81,6,62.3,67.6,59.7,47.6,70.2,68.4,70,62,58.9,75.8,77.3,40,50,3.9,41,28,22.6,33.7,54.9,723.5,1.3,13165,25.1,4.6,1772.4,50.1
152,Spain,Europe,69,31,63.6,71.2,53.9,57.2,62.5,41.4,26.9,66.9,55.3,85.5,87,85,70,1.5,45,25,33.2,43,46.4,1615.1,3.2,34820,21.9,-0.5,9243,99
153,Sri Lanka,Asia-Pacific,112,25,57.4,48,48.3,30,85.3,90.2,31.2,72.8,57.5,76,74.5,35,40,5.3,24,28,10.7,18.3,21.1,223,5.2,10566,4.7,0.9,681.2,74.4
154,Sudan,Sub-Saharan Africa,164,40,48.8,31.1,19.8,18.9,86.5,95.1,85.5,53.9,49.7,59.3,50.5,15,20,14.7,10,35,5.2,12.5,38.4,167,3.5,4344,13.6,16.9,1736.8,68.9
155,Suriname,Americas,167,29,48,45.1,15.4,31.7,70.1,69.6,16.2,48.6,76.1,75.1,68.4,30,30,10.8,38,36,15.7,29.7,0.6,9.1,0.1,16292,7.8,6.9,276.4,43.3
156,Swaziland,Sub-Saharan Africa,88,8,61.1,53.5,33.3,30.9,74.8,71.6,93.2,57.5,64.4,75.6,88.9,50,40,0.6,33,27.5,26,33.1,1.1,10.8,1.7,8453,25.6,5,-120.9,17.4
157,Sweden,Europe,19,10,74.9,88.6,82.2,87.4,44.4,21.7,93.4,90.8,53.2,85.3,87,85,80,1.5,57,22,42.7,49.3,9.8,473.4,4.1,47922,7.4,0.7,12579.4,44.1
158,Switzerland,Europe,4,1,81.5,86.9,77.6,80.3,70.9,67.5,95.8,76.8,72.2,84.4,90,85,90,0,11.5,8.5,27.1,33,8.2,482.3,0.9,58552,4.3,-1.1,68838,45.6
159,Syria,Middle East / North Africa,,,,37.3,22.6,30,,,0,66.4,55.7,,56.6,,,14.2,22,28,,,16.8,68,-4.8,,,29.6,,
160,Taiwan ,Asia-Pacific,11,5,76.5,86.5,67.7,70.5,75.3,89.5,83.7,93.4,55,85.2,86.2,65,60,1.9,45,17,12.3,18.3,23.5,1099,0.7,46783,3.8,-0.3,2415,38.3
161,Tajikistan,Asia-Pacific,109,23,58.2,45.5,45.6,32.7,90.9,74.1,95.8,65.6,49.2,69.8,73.9,25,30,5.6,13,15,22.8,32,8.5,23.3,3,2749,10.9,5.8,226.8,35.9
162,Tanzania,Sub-Saharan Africa,105,14,58.6,33.8,28.8,29.2,80.3,89.5,76.6,50.1,64.3,69.6,76,55,50,7,30,30,13.2,18.8,49.1,138.5,7,2904,3.2,5.6,1531.5,40.5
163,Thailand,Asia-Pacific,55,13,66.2,51.3,41.7,40.7,81,85.3,96.3,69.9,62.8,72.9,82.8,50,60,3.6,35,20,16.5,22.3,68.8,1108.1,2.8,16097,1.1,-0.9,10844.6,43.1
164,Timor-Leste,Asia-Pacific,173,42,46.3,6.8,10.3,29.2,64.7,65.6,20,72.2,63.9,77.5,80,45,20,2.5,10,10,61.5,51.2,1.3,6.6,4.3,5629,,0.6,43,0
165,Togo,Sub-Saharan Africa,138,29,53.2,33.8,39.9,36.8,68.2,79.8,45.1,50.3,46.2,77.5,71.3,60,30,9.4,45,27,20.7,27.4,7.2,10.8,5.3,1483,7.7,1.8,52.7,61.9
166,Tonga,Asia-Pacific,73,17,63,65.5,19.8,47.6,86.9,74.4,79.6,76.1,86,80.6,79.7,40,20,5.2,20,25,17,32.9,0.1,0.5,2.6,5045,5.2,-0.1,12.6,49
167,Trinidad and Tobago,Americas,87,18,61.2,54.7,48.7,36.8,81.4,57.7,51.8,67.7,71.4,75.9,78.6,60,50,5.7,25,25,24.7,39.8,1.4,44.3,-1.8,32636,3.8,4.7,1618.6,51.1
168,Tunisia,Middle East / North Africa,123,10,55.7,49.6,39.9,37.3,73.7,73.4,53.4,80.6,56.1,75.9,63.8,35,30,13.1,35,30,22.5,27.7,11.1,127,0.8,11428,14.8,4.9,1001.7,54.5
169,Turkey,Europe,60,29,65.2,61.3,52.5,40.7,75.5,57.7,95.7,64.3,48.5,72.2,79.4,75,60,2.8,35,20,28.7,37,77.7,1588.8,3.8,20438,10.3,7.7,16508,32.6
170,Turkmenistan,Asia-Pacific,170,41,47.4,32.4,5,29.6,95.3,92.3,98.9,30,20,74.8,80,0,10,0,10,8,17.4,16.2,5.9,88.6,6.5,16445,10,5.5,4258.8,23.3
171,Uganda,Sub-Saharan Africa,91,9,60.9,39.3,34.6,28.7,73.7,91,78.1,42.4,84.6,80.3,78.3,60,40,5.9,40,30,11.4,18,39.2,79.9,5,2003,3.6,5.8,1057.3,35.4
172,Ukraine,Europe,166,44,48.1,41.4,22.6,29.2,78.6,38.2,67.9,62.1,48.8,47.4,85.9,25,30,2.1,20,18,37.6,43.2,42.7,339.5,-9.9,7971,9.9,48.7,2961,80.2
173,United Arab Emirates,Middle East / North Africa,8,1,76.9,76.7,85,74.2,96.4,67.4,99.2,81.1,80.9,78.4,83.5,40,60,3.2,0,0,19,35.9,9.6,647.8,3.9,67617,3.7,4.1,10975.8,19.4
174,United Kingdom,Europe,12,4,76.4,93.8,93,78.3,65.1,41.9,40.4,89.9,72.8,85,87,90,80,1.5,45,20,32.6,43.2,64.9,2679.3,2.2,41159,5.5,0.1,39532.8,89.3
175,United States,Americas,17,3,75.1,81.3,75.1,78.1,65.3,55.9,53.3,84.4,91,80.1,87.1,80,70,1.4,39.6,35,26,37.8,321.2,17947,2.4,55805,5.3,0.1,379894,105.8
176,Uruguay,Americas,38,5,69.7,70.2,66.8,70.3,77.5,69.4,77.2,74.8,62.9,71.3,80.6,85,30,4.7,30,25,26.9,31.8,3.4,73.5,1.5,21507,7.3,8.7,1647.2,61.8
177,Uzbekistan,Asia-Pacific,148,36,52.3,48,41.9,27.5,90.7,66.2,99.8,64.8,50.4,61.1,66.8,0,10,6.6,22,7.5,19.7,34.4,31,187.9,8,6068,10.1,8.5,1068.4,10.7
178,Vanuatu,Asia-Pacific,52,12,67.4,65.5,33,70.5,97,80.4,99.1,51.4,58.1,74.8,73.9,65,40,5.5,0,0,17.2,32.9,0.3,0.7,-0.8,2550,4.3,3.3,29.1,20.5
179,Venezuela,Americas,179,32,27,6.8,10.3,11.6,72.5,51.5,15.2,39.7,28.5,16.8,60.7,0,10,9.7,34,34,20.9,41,30.9,515.7,-5.7,16673,8,121.7,1591,48.8
180,Vietnam,Asia-Pacific,147,35,52.4,49.7,32,24.6,79.6,74.6,21.1,61.2,62.2,76,83.1,25,40,3.4,35,22,18.2,28.7,91.6,552.3,6.7,6024,2.1,0.6,11800,59.3
181,Yemen,Middle East / North Africa,,,,37.3,22.6,17.4,,77.2,10.6,51.4,54.2,59.7,,,,4.1,20,20,,24,28.3,75.5,-28.1,2671,15.9,30,-1191,68.6
182,Zambia,Sub-Saharan Africa,122,23,55.8,49.6,39.8,35,73.1,81.6,21.6,66.6,48.2,70.7,78.3,55,50,3.4,35,35,15.47510467,25.6,15.5,62.7,3.6,3868,10.7,10.1,1653,52.9
183,Zimbabwe,Sub-Saharan Africa,175,45,44,27.3,26.1,14.7,61.1,75.2,90.6,36.2,33.1,76.5,52.8,25,10,13.6,51.5,25,24.8,28.5,13.4,28.1,1.5,2096,9.3,-2.4,421,53
184,Somalia,Sub-Saharan Africa,,,,6.8,,11.6,100,,0,92.3,91.8,,,,,,,,,,10.5,,3.7,,,,516,
185,Kosovo,Europe,46,22,67.9,70.3,58,45.9,93.5,77.8,88.9,68.8,65.3,80,70.8,65,30,7.1,10,10,21.1,27.4,1.9,17.4,3.3,,,-0.5,359.8,19.2
186,Brunei Darussalam,Asia-Pacific,35,9,69.8,62.5,39.9,40.9,85.6,61.2,100,76.6,90.4,76.1,89.1,65,50,0.5,0,18.5,33.1,40.4,0.4,33.2,-0.2,79587,1.9,-0.4,173.2,3.1
